# ************************************************************
# Sequel Pro SQL dump
# Version 4096
#
# http://www.sequelpro.com/
# http://code.google.com/p/sequel-pro/
#
# Host: 127.0.0.1 (MySQL 5.5.34)
# Database: _DEV_CI
# Generation Time: 2014-10-27 14:41:58 +0000
# ************************************************************


/*!40101 SET @OLD_CHARACTER_SET_CLIENT=@@CHARACTER_SET_CLIENT */;
/*!40101 SET @OLD_CHARACTER_SET_RESULTS=@@CHARACTER_SET_RESULTS */;
/*!40101 SET @OLD_COLLATION_CONNECTION=@@COLLATION_CONNECTION */;
/*!40101 SET NAMES utf8 */;
/*!40014 SET @OLD_FOREIGN_KEY_CHECKS=@@FOREIGN_KEY_CHECKS, FOREIGN_KEY_CHECKS=0 */;
/*!40101 SET @OLD_SQL_MODE=@@SQL_MODE, SQL_MODE='NO_AUTO_VALUE_ON_ZERO' */;
/*!40111 SET @OLD_SQL_NOTES=@@SQL_NOTES, SQL_NOTES=0 */;


# Dump of table core_settings
# ------------------------------------------------------------

DROP TABLE IF EXISTS `core_settings`;

CREATE TABLE `core_settings` (
  `slug` varchar(30) COLLATE utf8_unicode_ci NOT NULL,
  `default` text COLLATE utf8_unicode_ci NOT NULL,
  `value` text COLLATE utf8_unicode_ci NOT NULL,
  PRIMARY KEY (`slug`),
  UNIQUE KEY `unique - slug` (`slug`),
  KEY `index - slug` (`slug`)
) ENGINE=InnoDB DEFAULT CHARSET=utf8 COLLATE=utf8_unicode_ci COMMENT='Stores settings for the multi-site interface';

LOCK TABLES `core_settings` WRITE;
/*!40000 ALTER TABLE `core_settings` DISABLE KEYS */;

INSERT INTO `core_settings` (`slug`, `default`, `value`)
VALUES
	('date_format','g:ia -- m/d/y','g:ia -- m/d/y'),
	('lang_direction','ltr','ltr'),
	('status_message','This site has been disabled by a super-administrator.','This site has been disabled by a super-administrator.');

/*!40000 ALTER TABLE `core_settings` ENABLE KEYS */;
UNLOCK TABLES;


# Dump of table core_sites
# ------------------------------------------------------------

DROP TABLE IF EXISTS `core_sites`;

CREATE TABLE `core_sites` (
  `id` int(5) NOT NULL AUTO_INCREMENT,
  `name` varchar(100) COLLATE utf8_unicode_ci NOT NULL,
  `ref` varchar(20) COLLATE utf8_unicode_ci NOT NULL,
  `domain` varchar(100) COLLATE utf8_unicode_ci DEFAULT NULL,
  `active` tinyint(1) NOT NULL DEFAULT '1',
  `created_on` int(11) NOT NULL DEFAULT '0',
  `updated_on` int(11) NOT NULL DEFAULT '0',
  PRIMARY KEY (`id`),
  UNIQUE KEY `Unique ref` (`ref`),
  UNIQUE KEY `Unique domain` (`domain`),
  KEY `ref` (`ref`),
  KEY `domain` (`domain`)
) ENGINE=InnoDB DEFAULT CHARSET=utf8 COLLATE=utf8_unicode_ci;

LOCK TABLES `core_sites` WRITE;
/*!40000 ALTER TABLE `core_sites` DISABLE KEYS */;

INSERT INTO `core_sites` (`id`, `name`, `ref`, `domain`, `active`, `created_on`, `updated_on`)
VALUES
	(1,'Default Site','default','localhost',1,1412694433,0);

/*!40000 ALTER TABLE `core_sites` ENABLE KEYS */;
UNLOCK TABLES;


# Dump of table core_users
# ------------------------------------------------------------

DROP TABLE IF EXISTS `core_users`;

CREATE TABLE `core_users` (
  `id` smallint(5) unsigned NOT NULL AUTO_INCREMENT,
  `email` varchar(60) COLLATE utf8_unicode_ci NOT NULL DEFAULT '',
  `password` varchar(100) COLLATE utf8_unicode_ci NOT NULL DEFAULT '',
  `salt` varchar(6) COLLATE utf8_unicode_ci NOT NULL DEFAULT '',
  `group_id` int(11) DEFAULT NULL,
  `ip_address` varchar(16) COLLATE utf8_unicode_ci DEFAULT NULL,
  `active` int(1) DEFAULT NULL,
  `activation_code` varchar(40) COLLATE utf8_unicode_ci DEFAULT NULL,
  `created_on` int(11) NOT NULL,
  `last_login` int(11) NOT NULL,
  `username` varchar(20) COLLATE utf8_unicode_ci DEFAULT NULL,
  `forgotten_password_code` varchar(40) COLLATE utf8_unicode_ci DEFAULT NULL,
  `remember_code` varchar(40) COLLATE utf8_unicode_ci DEFAULT NULL,
  PRIMARY KEY (`id`),
  KEY `email` (`email`)
) ENGINE=InnoDB DEFAULT CHARSET=utf8 COLLATE=utf8_unicode_ci COMMENT='Super User Information';

LOCK TABLES `core_users` WRITE;
/*!40000 ALTER TABLE `core_users` DISABLE KEYS */;

INSERT INTO `core_users` (`id`, `email`, `password`, `salt`, `group_id`, `ip_address`, `active`, `activation_code`, `created_on`, `last_login`, `username`, `forgotten_password_code`, `remember_code`)
VALUES
	(1,'jose.lopes@rd-agency.com','65937c84396f18c2017f30e727adc50e104282c1','d7dd2',1,'',1,'',1412694432,1412694432,'RD',NULL,NULL);

/*!40000 ALTER TABLE `core_users` ENABLE KEYS */;
UNLOCK TABLES;


# Dump of table default__media
# ------------------------------------------------------------

DROP TABLE IF EXISTS `default__media`;

CREATE TABLE `default__media` (
  `id` int(11) unsigned NOT NULL AUTO_INCREMENT,
  `parent_id` int(11) unsigned NOT NULL,
  `parent_table` varchar(100) COLLATE utf8_unicode_ci NOT NULL DEFAULT '',
  `user_id` int(11) NOT NULL DEFAULT '1',
  `type` enum('a','v','d','i','o') COLLATE utf8_unicode_ci DEFAULT NULL,
  `filename` varchar(255) COLLATE utf8_unicode_ci NOT NULL,
  `path` varchar(255) COLLATE utf8_unicode_ci NOT NULL DEFAULT '',
  `description` text COLLATE utf8_unicode_ci NOT NULL,
  `extension` varchar(10) COLLATE utf8_unicode_ci NOT NULL,
  `mimetype` varchar(100) COLLATE utf8_unicode_ci NOT NULL,
  `keywords` char(32) COLLATE utf8_unicode_ci NOT NULL DEFAULT '',
  `width` int(5) DEFAULT NULL,
  `height` int(5) DEFAULT NULL,
  `filesize` int(11) NOT NULL DEFAULT '0',
  `alt_attribute` varchar(255) COLLATE utf8_unicode_ci DEFAULT NULL,
  `date_added` int(11) NOT NULL DEFAULT '0',
  `sort` int(11) unsigned NOT NULL DEFAULT '0',
  PRIMARY KEY (`id`)
) ENGINE=InnoDB DEFAULT CHARSET=utf8 COLLATE=utf8_unicode_ci;



# Dump of table default__todos
# ------------------------------------------------------------

DROP TABLE IF EXISTS `default__todos`;

CREATE TABLE `default__todos` (
  `id` int(11) unsigned NOT NULL AUTO_INCREMENT,
  `textarea` text COLLATE utf8_unicode_ci NOT NULL,
  `html` text COLLATE utf8_unicode_ci NOT NULL,
  `htmladv` text COLLATE utf8_unicode_ci NOT NULL,
  `select` tinyint(1) NOT NULL DEFAULT '1',
  `selectdb` int(11) unsigned NOT NULL DEFAULT '1',
  `image` varchar(255) COLLATE utf8_unicode_ci DEFAULT NULL,
  `file` varchar(255) COLLATE utf8_unicode_ci DEFAULT NULL,
  `gmap` text COLLATE utf8_unicode_ci NOT NULL,
  `date` date NOT NULL,
  `datetime` datetime NOT NULL,
  `colorpicker` varchar(255) COLLATE utf8_unicode_ci NOT NULL,
  `checkbox` tinyint(1) NOT NULL DEFAULT '0',
  `text` varchar(255) COLLATE utf8_unicode_ci NOT NULL,
  `permalink` varchar(255) COLLATE utf8_unicode_ci NOT NULL,
  `id_gallery` int(11) unsigned DEFAULT NULL,
  `ord` int(11) unsigned NOT NULL DEFAULT '1000',
  `active` tinyint(1) NOT NULL DEFAULT '1',
  PRIMARY KEY (`id`)
) ENGINE=InnoDB DEFAULT CHARSET=utf8 COLLATE=utf8_unicode_ci;

LOCK TABLES `default__todos` WRITE;
/*!40000 ALTER TABLE `default__todos` DISABLE KEYS */;

INSERT INTO `default__todos` (`id`, `textarea`, `html`, `htmladv`, `select`, `selectdb`, `image`, `file`, `gmap`, `date`, `datetime`, `colorpicker`, `checkbox`, `text`, `permalink`, `id_gallery`, `ord`, `active`)
VALUES
	(1,'TEXTAREA','<strong>HTML</strong>','<h1>HTML ADV</h1>\n',1,1,NULL,NULL,'38.70588276201967, -9.136585593223572','2014-10-22','2014-10-15 00:00:00','',1,'asd qwe','',NULL,99,1);

/*!40000 ALTER TABLE `default__todos` ENABLE KEYS */;
UNLOCK TABLES;


# Dump of table default__todos_categorias
# ------------------------------------------------------------

DROP TABLE IF EXISTS `default__todos_categorias`;

CREATE TABLE `default__todos_categorias` (
  `id` int(11) unsigned NOT NULL AUTO_INCREMENT,
  `titulo` varchar(255) DEFAULT NULL,
  `active` tinyint(1) DEFAULT '0',
  PRIMARY KEY (`id`)
) ENGINE=InnoDB DEFAULT CHARSET=utf8;

LOCK TABLES `default__todos_categorias` WRITE;
/*!40000 ALTER TABLE `default__todos_categorias` DISABLE KEYS */;

INSERT INTO `default__todos_categorias` (`id`, `titulo`, `active`)
VALUES
	(1,'Política',1),
	(2,'Mundo',0),
	(3,'Economia',1),
	(4,'Ciência',1);

/*!40000 ALTER TABLE `default__todos_categorias` ENABLE KEYS */;
UNLOCK TABLES;


# Dump of table default_blog
# ------------------------------------------------------------

DROP TABLE IF EXISTS `default_blog`;

CREATE TABLE `default_blog` (
  `id` int(9) NOT NULL AUTO_INCREMENT,
  `created` datetime NOT NULL,
  `updated` datetime DEFAULT NULL,
  `created_by` int(11) DEFAULT NULL,
  `ordering_count` int(11) DEFAULT NULL,
  `intro` longtext COLLATE utf8_unicode_ci,
  `title` varchar(200) COLLATE utf8_unicode_ci NOT NULL,
  `slug` varchar(200) COLLATE utf8_unicode_ci NOT NULL,
  `category_id` int(11) NOT NULL,
  `body` text COLLATE utf8_unicode_ci NOT NULL,
  `parsed` text COLLATE utf8_unicode_ci NOT NULL,
  `keywords` varchar(32) COLLATE utf8_unicode_ci NOT NULL DEFAULT '',
  `author_id` int(11) NOT NULL DEFAULT '0',
  `created_on` int(11) NOT NULL,
  `updated_on` int(11) NOT NULL DEFAULT '0',
  `comments_enabled` enum('no','1 day','1 week','2 weeks','1 month','3 months','always') COLLATE utf8_unicode_ci NOT NULL DEFAULT '3 months',
  `status` enum('draft','live') COLLATE utf8_unicode_ci NOT NULL DEFAULT 'draft',
  `type` set('html','markdown','wysiwyg-advanced','wysiwyg-simple') COLLATE utf8_unicode_ci NOT NULL,
  `preview_hash` char(32) COLLATE utf8_unicode_ci NOT NULL DEFAULT '',
  PRIMARY KEY (`id`)
) ENGINE=InnoDB DEFAULT CHARSET=utf8 COLLATE=utf8_unicode_ci;



# Dump of table default_blog_categories
# ------------------------------------------------------------

DROP TABLE IF EXISTS `default_blog_categories`;

CREATE TABLE `default_blog_categories` (
  `id` int(11) NOT NULL AUTO_INCREMENT,
  `slug` varchar(100) COLLATE utf8_unicode_ci NOT NULL,
  `title` varchar(100) COLLATE utf8_unicode_ci NOT NULL,
  PRIMARY KEY (`id`),
  UNIQUE KEY `unique_slug` (`slug`),
  UNIQUE KEY `unique_title` (`title`),
  KEY `slug` (`slug`)
) ENGINE=InnoDB DEFAULT CHARSET=utf8 COLLATE=utf8_unicode_ci;



# Dump of table default_ci_sessions
# ------------------------------------------------------------

DROP TABLE IF EXISTS `default_ci_sessions`;

CREATE TABLE `default_ci_sessions` (
  `session_id` varchar(40) COLLATE utf8_unicode_ci NOT NULL DEFAULT '0',
  `ip_address` varchar(16) COLLATE utf8_unicode_ci NOT NULL DEFAULT '0',
  `user_agent` varchar(120) COLLATE utf8_unicode_ci NOT NULL,
  `last_activity` int(10) unsigned NOT NULL DEFAULT '0',
  `user_data` text COLLATE utf8_unicode_ci,
  PRIMARY KEY (`session_id`),
  KEY `last_activity_idx` (`last_activity`)
) ENGINE=MyISAM DEFAULT CHARSET=utf8 COLLATE=utf8_unicode_ci;

LOCK TABLES `default_ci_sessions` WRITE;
/*!40000 ALTER TABLE `default_ci_sessions` DISABLE KEYS */;

INSERT INTO `default_ci_sessions` (`session_id`, `ip_address`, `user_agent`, `last_activity`, `user_data`)
VALUES
	('740b1f22accbfbcf0bb6172348c4e5eb','::1','Mozilla/5.0 (Macintosh; Intel Mac OS X 10_9_5) AppleWebKit/537.36 (KHTML, like Gecko) Chrome/37.0.2062.124 Safari/537.36',1412687698,'a:1:{s:17:\"flash:old:success\";s:24:\"Has salido de tu cuenta.\";}'),
	('b7adc34f4480a8c727aaf9f558c8a3a0','::1','Mozilla/5.0 (iPhone; CPU iPhone OS 7_0 like Mac OS X; en-us) AppleWebKit/537.51.1 (KHTML, like Gecko) Version/7.0 Mobile',1412858772,'a:1:{s:14:\"admin_redirect\";s:11:\"admin/todos\";}'),
	('b17f450951bec816fcfbd1f6ecf52d17','::1','Mozilla/5.0 (Macintosh; Intel Mac OS X 10.9; rv:32.0) Gecko/20100101 Firefox/32.0',1412699191,'a:8:{s:8:\"username\";s:2:\"RD\";s:5:\"email\";s:24:\"jose.lopes@rd-agency.com\";s:2:\"id\";s:1:\"1\";s:7:\"user_id\";s:1:\"1\";s:8:\"group_id\";s:1:\"1\";s:5:\"group\";s:5:\"admin\";s:6:\"offset\";i:0;s:10:\"return_url\";s:56:\"http://localhost/_DEV/CodeIgniter-Backoffice/admin/todos\";}'),
	('4897828841d7de7c0f9d40234662e747','::1','Mozilla/5.0 (Macintosh; Intel Mac OS X 10_9_5) AppleWebKit/537.36 (KHTML, like Gecko) Chrome/38.0.2125.101 Safari/537.36',1412858625,'a:7:{s:8:\"username\";s:2:\"RD\";s:5:\"email\";s:24:\"jose.lopes@rd-agency.com\";s:2:\"id\";s:1:\"1\";s:7:\"user_id\";s:1:\"1\";s:8:\"group_id\";s:1:\"1\";s:5:\"group\";s:5:\"admin\";s:6:\"offset\";i:0;}'),
	('8fd22d8d062a3582402846abc2d94b3b','::1','Mozilla/5.0 (iPad; CPU OS 4_3_5 like Mac OS X; en-us) AppleWebKit/533.17.9 (KHTML, like Gecko) Version/5.0.2 Mobile/8L1 ',1412858776,''),
	('9a265ba54726e0152c136335308dd990','::1','Mozilla/5.0 (Macintosh; Intel Mac OS X 10_9_5) AppleWebKit/537.36 (KHTML, like Gecko) Chrome/38.0.2125.101 Safari/537.36',1412866393,'a:8:{s:8:\"username\";s:2:\"RD\";s:5:\"email\";s:24:\"jose.lopes@rd-agency.com\";s:2:\"id\";s:1:\"1\";s:7:\"user_id\";s:1:\"1\";s:8:\"group_id\";s:1:\"1\";s:5:\"group\";s:5:\"admin\";s:6:\"offset\";i:0;s:10:\"return_url\";s:56:\"http://localhost/_DEV/CodeIgniter-Backoffice/admin/todos\";}'),
	('1b8699e72659eef906b4b6fe85ad8634','::1','Mozilla/5.0 (iPad; CPU OS 4_3_5 like Mac OS X; en-us) AppleWebKit/533.17.9 (KHTML, like Gecko) Version/5.0.2 Mobile/8L1 ',1412866553,'a:1:{s:14:\"admin_redirect\";s:18:\"admin/todos/edit/1\";}'),
	('21f19e13562f5c695be11e4310a0bf1e','::1','Mozilla/5.0 (Macintosh; Intel Mac OS X 10_9_5) AppleWebKit/537.36 (KHTML, like Gecko) Chrome/38.0.2125.101 Safari/537.36',1412866596,'a:8:{s:8:\"username\";s:2:\"RD\";s:5:\"email\";s:24:\"jose.lopes@rd-agency.com\";s:2:\"id\";s:1:\"1\";s:7:\"user_id\";s:1:\"1\";s:8:\"group_id\";s:1:\"1\";s:5:\"group\";s:5:\"admin\";s:6:\"offset\";i:0;s:10:\"return_url\";s:56:\"http://localhost/_DEV/CodeIgniter-Backoffice/admin/todos\";}'),
	('66b7ee303d48ee0616d38638aa66e96e','::1','Mozilla/5.0 (iPad; CPU OS 4_3_5 like Mac OS X; en-us) AppleWebKit/533.17.9 (KHTML, like Gecko) Version/5.0.2 Mobile/8L1 ',1412866691,'a:7:{s:8:\"username\";s:2:\"RD\";s:5:\"email\";s:24:\"jose.lopes@rd-agency.com\";s:2:\"id\";s:1:\"1\";s:7:\"user_id\";s:1:\"1\";s:8:\"group_id\";s:1:\"1\";s:5:\"group\";s:5:\"admin\";s:10:\"return_url\";s:56:\"http://localhost/_DEV/CodeIgniter-Backoffice/admin/login\";}'),
	('01edb63af3f53f4f9740024244f9c33f','::1','Mozilla/5.0 (Macintosh; Intel Mac OS X 10_9_5) AppleWebKit/537.36 (KHTML, like Gecko) Chrome/38.0.2125.101 Safari/537.36',1412867215,'a:8:{s:8:\"username\";s:2:\"RD\";s:5:\"email\";s:24:\"jose.lopes@rd-agency.com\";s:2:\"id\";s:1:\"1\";s:7:\"user_id\";s:1:\"1\";s:8:\"group_id\";s:1:\"1\";s:5:\"group\";s:5:\"admin\";s:6:\"offset\";i:0;s:10:\"return_url\";s:56:\"http://localhost/_DEV/CodeIgniter-Backoffice/admin/todos\";}'),
	('c7ed91edaefb21ad3d8ddc8017426a46','::1','Mozilla/5.0 (iPad; CPU OS 4_3_5 like Mac OS X; en-us) AppleWebKit/533.17.9 (KHTML, like Gecko) Version/5.0.2 Mobile/8L1 ',1412867416,'a:8:{s:8:\"username\";s:2:\"RD\";s:5:\"email\";s:24:\"jose.lopes@rd-agency.com\";s:2:\"id\";s:1:\"1\";s:7:\"user_id\";s:1:\"1\";s:8:\"group_id\";s:1:\"1\";s:5:\"group\";s:5:\"admin\";s:6:\"offset\";i:0;s:10:\"return_url\";s:56:\"http://localhost/_DEV/CodeIgniter-Backoffice/admin/todos\";}'),
	('12f4f86c72bf2ff3a9b70cb267770234','::1','Mozilla/5.0 (Macintosh; Intel Mac OS X 10_9_5) AppleWebKit/537.36 (KHTML, like Gecko) Chrome/38.0.2125.101 Safari/537.36',1412867673,'a:1:{s:17:\"flash:old:success\";s:18:\"Saiu da sua conta.\";}'),
	('2d0773a266bdc1afe5d490b15b2b32a2','::1','Mozilla/5.0 (Macintosh; Intel Mac OS X 10_9_5) AppleWebKit/537.36 (KHTML, like Gecko) Chrome/38.0.2125.104 Safari/537.36',1413537737,'a:7:{s:8:\"username\";s:2:\"RD\";s:5:\"email\";s:24:\"jose.lopes@rd-agency.com\";s:2:\"id\";s:1:\"1\";s:7:\"user_id\";s:1:\"1\";s:8:\"group_id\";s:1:\"1\";s:5:\"group\";s:5:\"admin\";s:6:\"offset\";i:0;}'),
	('314773dbd93f700dc7aac4435c06baa0','::1','Mozilla/5.0 (iPhone; CPU iPhone OS 7_0 like Mac OS X; en-us) AppleWebKit/537.51.1 (KHTML, like Gecko) Version/7.0 Mobile',1413537859,'a:1:{s:14:\"admin_redirect\";s:18:\"admin/todos/edit/1\";}'),
	('0fd416da911ce3f358e704217c1ee2aa','::1','Mozilla/5.0 (Macintosh; Intel Mac OS X 10_9_5) AppleWebKit/537.36 (KHTML, like Gecko) Chrome/38.0.2125.104 Safari/537.36',1413554763,'a:8:{s:8:\"username\";s:2:\"RD\";s:5:\"email\";s:24:\"jose.lopes@rd-agency.com\";s:2:\"id\";s:1:\"1\";s:7:\"user_id\";s:1:\"1\";s:8:\"group_id\";s:1:\"1\";s:5:\"group\";s:5:\"admin\";s:6:\"offset\";i:0;s:10:\"return_url\";s:57:\"http://localhost/_DEV/CodeIgniter-Backoffice/admin/todos/\";}'),
	('fd71e76b1285bedc3eba2888327b23c0','::1','Mozilla/5.0 (iPhone; CPU iPhone OS 7_0 like Mac OS X; en-us) AppleWebKit/537.51.1 (KHTML, like Gecko) Version/7.0 Mobile',1413554822,'a:1:{s:14:\"admin_redirect\";s:18:\"admin/todos/edit/1\";}'),
	('0b9af1f0a7bd8b958ce2eac74648b534','::1','Mozilla/5.0 (Macintosh; Intel Mac OS X 10_9_5) AppleWebKit/537.36 (KHTML, like Gecko) Chrome/38.0.2125.104 Safari/537.36',1413558150,'a:8:{s:8:\"username\";s:2:\"RD\";s:5:\"email\";s:24:\"jose.lopes@rd-agency.com\";s:2:\"id\";s:1:\"1\";s:7:\"user_id\";s:1:\"1\";s:8:\"group_id\";s:1:\"1\";s:5:\"group\";s:5:\"admin\";s:6:\"offset\";i:0;s:10:\"return_url\";s:56:\"http://localhost/_DEV/CodeIgniter-Backoffice/admin/todos\";}'),
	('fcc1e873751d86f953d34ac21a7f4804','::1','Mozilla/5.0 (iPhone; CPU iPhone OS 7_0 like Mac OS X; en-us) AppleWebKit/537.51.1 (KHTML, like Gecko) Version/7.0 Mobile',1413558514,'a:1:{s:14:\"admin_redirect\";s:19:\"admin/todos/media/1\";}'),
	('0e2354bd6547605255d039bcea98dcbd','::1','Mozilla/5.0 (Macintosh; Intel Mac OS X 10_9_5) AppleWebKit/537.36 (KHTML, like Gecko) Chrome/38.0.2125.104 Safari/537.36',1413559313,'a:8:{s:8:\"username\";s:2:\"RD\";s:5:\"email\";s:24:\"jose.lopes@rd-agency.com\";s:2:\"id\";s:1:\"1\";s:7:\"user_id\";s:1:\"1\";s:8:\"group_id\";s:1:\"1\";s:5:\"group\";s:5:\"admin\";s:6:\"offset\";i:0;s:10:\"return_url\";s:56:\"http://localhost/_DEV/CodeIgniter-Backoffice/admin/todos\";}'),
	('c84c9e09d21d36feb355c1a12335ba16','::1','Mozilla/5.0 (Macintosh; Intel Mac OS X 10_9_5) AppleWebKit/537.36 (KHTML, like Gecko) Chrome/38.0.2125.104 Safari/537.36',1413789391,'a:8:{s:8:\"username\";s:2:\"RD\";s:5:\"email\";s:24:\"jose.lopes@rd-agency.com\";s:2:\"id\";s:1:\"1\";s:7:\"user_id\";s:1:\"1\";s:8:\"group_id\";s:1:\"1\";s:5:\"group\";s:5:\"admin\";s:6:\"offset\";i:0;s:10:\"return_url\";s:56:\"http://localhost/_DEV/CodeIgniter-Backoffice/admin/todos\";}'),
	('e786439149661e92f8ecedb2f49de16c','::1','Mozilla/5.0 (Macintosh; Intel Mac OS X 10_9_5) AppleWebKit/537.36 (KHTML, like Gecko) Chrome/38.0.2125.104 Safari/537.36',1413966785,'a:8:{s:8:\"username\";s:2:\"RD\";s:5:\"email\";s:24:\"jose.lopes@rd-agency.com\";s:2:\"id\";s:1:\"1\";s:7:\"user_id\";s:1:\"1\";s:8:\"group_id\";s:1:\"1\";s:5:\"group\";s:5:\"admin\";s:6:\"offset\";i:0;s:10:\"return_url\";s:56:\"http://localhost/_DEV/CodeIgniter-Backoffice/admin/todos\";}'),
	('6ea0c49945f9c9d480aa61cb86318f82','::1','Mozilla/5.0 (Macintosh; Intel Mac OS X 10_9_5) AppleWebKit/537.36 (KHTML, like Gecko) Chrome/38.0.2125.104 Safari/537.36',1413970031,'a:6:{s:8:\"username\";s:2:\"RD\";s:5:\"email\";s:24:\"jose.lopes@rd-agency.com\";s:2:\"id\";s:1:\"1\";s:7:\"user_id\";s:1:\"1\";s:8:\"group_id\";s:1:\"1\";s:5:\"group\";s:5:\"admin\";}'),
	('1a1f60cd301249d2998976c32c25ee81','::1','Mozilla/5.0 (iPhone; CPU iPhone OS 7_0 like Mac OS X; en-us) AppleWebKit/537.51.1 (KHTML, like Gecko) Version/7.0 Mobile',1413970393,'a:7:{s:8:\"username\";s:2:\"RD\";s:5:\"email\";s:24:\"jose.lopes@rd-agency.com\";s:2:\"id\";s:1:\"1\";s:7:\"user_id\";s:1:\"1\";s:8:\"group_id\";s:1:\"1\";s:5:\"group\";s:5:\"admin\";s:10:\"return_url\";s:64:\"http://localhost/_DEV/CodeIgniter-Backoffice/admin/todos/media/1\";}'),
	('ec39ef08d53b546307ad92d563a10f6a','::1','Mozilla/5.0 (Macintosh; Intel Mac OS X 10_9_5) AppleWebKit/537.36 (KHTML, like Gecko) Chrome/38.0.2125.104 Safari/537.36',1413977381,'a:7:{s:8:\"username\";s:2:\"RD\";s:5:\"email\";s:24:\"jose.lopes@rd-agency.com\";s:2:\"id\";s:1:\"1\";s:7:\"user_id\";s:1:\"1\";s:8:\"group_id\";s:1:\"1\";s:5:\"group\";s:5:\"admin\";s:10:\"return_url\";s:64:\"http://localhost/_DEV/CodeIgniter-Backoffice/admin/todos/media/1\";}'),
	('cf3a90bbf8fec928dbbf0583f85b39dc','::1','Mozilla/5.0 (iPhone; CPU iPhone OS 7_0 like Mac OS X; en-us) AppleWebKit/537.51.1 (KHTML, like Gecko) Version/7.0 Mobile',1413978311,'a:6:{s:8:\"username\";s:2:\"RD\";s:5:\"email\";s:24:\"jose.lopes@rd-agency.com\";s:2:\"id\";s:1:\"1\";s:7:\"user_id\";s:1:\"1\";s:8:\"group_id\";s:1:\"1\";s:5:\"group\";s:5:\"admin\";}'),
	('aa1fafb32cc77efd3887398cfee9a43e','::1','Mozilla/5.0 (Macintosh; Intel Mac OS X 10_9_5) AppleWebKit/537.36 (KHTML, like Gecko) Chrome/38.0.2125.104 Safari/537.36',1413978708,'a:1:{s:14:\"admin_redirect\";s:11:\"admin/files\";}'),
	('1aec9a01776369cfdaa17ddb029aed99','::1','Mozilla/5.0 (iPhone; CPU iPhone OS 7_0 like Mac OS X; en-us) AppleWebKit/537.51.1 (KHTML, like Gecko) Version/7.0 Mobile',1413978912,'a:6:{s:8:\"username\";s:2:\"RD\";s:5:\"email\";s:24:\"jose.lopes@rd-agency.com\";s:2:\"id\";s:1:\"1\";s:7:\"user_id\";s:1:\"1\";s:8:\"group_id\";s:1:\"1\";s:5:\"group\";s:5:\"admin\";}'),
	('e81e6729a4cb7a605f238fa300d84c7a','::1','Mozilla/5.0 (Macintosh; Intel Mac OS X 10_9_5) AppleWebKit/537.36 (KHTML, like Gecko) Chrome/38.0.2125.104 Safari/537.36',1413978950,''),
	('ea29ea8b8873e08af78098b96d9014a1','::1','Mozilla/5.0 (iPhone; CPU iPhone OS 7_0 like Mac OS X; en-us) AppleWebKit/537.51.1 (KHTML, like Gecko) Version/7.0 Mobile',1413978954,'a:6:{s:8:\"username\";s:2:\"RD\";s:5:\"email\";s:24:\"jose.lopes@rd-agency.com\";s:2:\"id\";s:1:\"1\";s:7:\"user_id\";s:1:\"1\";s:8:\"group_id\";s:1:\"1\";s:5:\"group\";s:5:\"admin\";}'),
	('574412e490450a920aec88ea38fcad1f','::1','Mozilla/5.0 (Macintosh; Intel Mac OS X 10_9_5) AppleWebKit/537.36 (KHTML, like Gecko) Chrome/38.0.2125.104 Safari/537.36',1413979225,'a:6:{s:8:\"username\";s:2:\"RD\";s:5:\"email\";s:24:\"jose.lopes@rd-agency.com\";s:2:\"id\";s:1:\"1\";s:7:\"user_id\";s:1:\"1\";s:8:\"group_id\";s:1:\"1\";s:5:\"group\";s:5:\"admin\";}'),
	('bd43fcb742515fa282f054f03ff3e35d','::1','Mozilla/5.0 (iPhone; CPU iPhone OS 7_0 like Mac OS X; en-us) AppleWebKit/537.51.1 (KHTML, like Gecko) Version/7.0 Mobile',1413979286,'a:6:{s:8:\"username\";s:2:\"RD\";s:5:\"email\";s:24:\"jose.lopes@rd-agency.com\";s:2:\"id\";s:1:\"1\";s:7:\"user_id\";s:1:\"1\";s:8:\"group_id\";s:1:\"1\";s:5:\"group\";s:5:\"admin\";}'),
	('b4369bc09f16e6b1118bfeacd4471290','::1','Mozilla/5.0 (Macintosh; Intel Mac OS X 10_9_5) AppleWebKit/537.36 (KHTML, like Gecko) Chrome/38.0.2125.104 Safari/537.36',1413980927,'a:6:{s:8:\"username\";s:2:\"RD\";s:5:\"email\";s:24:\"jose.lopes@rd-agency.com\";s:2:\"id\";s:1:\"1\";s:7:\"user_id\";s:1:\"1\";s:8:\"group_id\";s:1:\"1\";s:5:\"group\";s:5:\"admin\";}'),
	('95bf57a16a706959639c7c16c60d82cf','::1','Mozilla/5.0 (iPhone; CPU iPhone OS 7_0 like Mac OS X; en-us) AppleWebKit/537.51.1 (KHTML, like Gecko) Version/7.0 Mobile',1413989830,'a:6:{s:8:\"username\";s:2:\"RD\";s:5:\"email\";s:24:\"jose.lopes@rd-agency.com\";s:2:\"id\";s:1:\"1\";s:7:\"user_id\";s:1:\"1\";s:8:\"group_id\";s:1:\"1\";s:5:\"group\";s:5:\"admin\";}'),
	('8066c80c365d2d3bb35975bb1436efa2','::1','Mozilla/5.0 (Macintosh; Intel Mac OS X 10_9_5) AppleWebKit/537.36 (KHTML, like Gecko) Chrome/38.0.2125.104 Safari/537.36',1413989991,''),
	('082189371374d0b5e506c4b24751be45','::1','Mozilla/5.0 (iPhone; CPU iPhone OS 7_0 like Mac OS X; en-us) AppleWebKit/537.51.1 (KHTML, like Gecko) Version/7.0 Mobile',1413992850,'a:6:{s:8:\"username\";s:2:\"RD\";s:5:\"email\";s:24:\"jose.lopes@rd-agency.com\";s:2:\"id\";s:1:\"1\";s:7:\"user_id\";s:1:\"1\";s:8:\"group_id\";s:1:\"1\";s:5:\"group\";s:5:\"admin\";}'),
	('6fa6967c735dd0f86ccbb66b3b8c2916','::1','Mozilla/5.0 (iPhone; CPU iPhone OS 7_0 like Mac OS X; en-us) AppleWebKit/537.51.1 (KHTML, like Gecko) Version/7.0 Mobile',1414050678,'a:6:{s:8:\"username\";s:2:\"RD\";s:5:\"email\";s:24:\"jose.lopes@rd-agency.com\";s:2:\"id\";s:1:\"1\";s:7:\"user_id\";s:1:\"1\";s:8:\"group_id\";s:1:\"1\";s:5:\"group\";s:5:\"admin\";}'),
	('0dc37c54d3ad06cea0958c7c070036de','::1','Mozilla/5.0 (Macintosh; Intel Mac OS X 10_9_5) AppleWebKit/537.36 (KHTML, like Gecko) Chrome/38.0.2125.104 Safari/537.36',1414050874,'a:6:{s:8:\"username\";s:2:\"RD\";s:5:\"email\";s:24:\"jose.lopes@rd-agency.com\";s:2:\"id\";s:1:\"1\";s:7:\"user_id\";s:1:\"1\";s:8:\"group_id\";s:1:\"1\";s:5:\"group\";s:5:\"admin\";}'),
	('1cec895d008bd445f15c9762ce566dca','::1','Mozilla/5.0 (iPhone; CPU iPhone OS 7_0 like Mac OS X; en-us) AppleWebKit/537.51.1 (KHTML, like Gecko) Version/7.0 Mobile',1414053899,'a:8:{s:8:\"username\";s:2:\"RD\";s:5:\"email\";s:24:\"jose.lopes@rd-agency.com\";s:2:\"id\";s:1:\"1\";s:7:\"user_id\";s:1:\"1\";s:8:\"group_id\";s:1:\"1\";s:5:\"group\";s:5:\"admin\";s:6:\"offset\";i:0;s:10:\"return_url\";s:56:\"http://localhost/_DEV/CodeIgniter-Backoffice/admin/todos\";}'),
	('af6b6ee9b002691eb99f4bf15ce2b5e9','::1','Mozilla/5.0 (iPhone; CPU iPhone OS 7_0 like Mac OS X; en-us) AppleWebKit/537.51.1 (KHTML, like Gecko) Version/7.0 Mobile',1414053899,''),
	('ea449d1e77b25fae6cb361e11533d316','::1','Mozilla/5.0 (iPhone; CPU iPhone OS 7_0 like Mac OS X; en-us) AppleWebKit/537.51.1 (KHTML, like Gecko) Version/7.0 Mobile',1414072325,'a:6:{s:8:\"username\";s:2:\"RD\";s:5:\"email\";s:24:\"jose.lopes@rd-agency.com\";s:2:\"id\";s:1:\"1\";s:7:\"user_id\";s:1:\"1\";s:8:\"group_id\";s:1:\"1\";s:5:\"group\";s:5:\"admin\";}'),
	('95f7fdbaafebf0fcb8c5c12576d321ca','::1','Mozilla/5.0 (Macintosh; Intel Mac OS X 10_9_5) AppleWebKit/537.36 (KHTML, like Gecko) Chrome/38.0.2125.104 Safari/537.36',1414072510,''),
	('a3f6811a0d735c2658e2e869f717b9a5','::1','Mozilla/5.0 (iPhone; CPU iPhone OS 7_0 like Mac OS X; en-us) AppleWebKit/537.51.1 (KHTML, like Gecko) Version/7.0 Mobile',1414079245,'a:6:{s:8:\"username\";s:2:\"RD\";s:5:\"email\";s:24:\"jose.lopes@rd-agency.com\";s:2:\"id\";s:1:\"1\";s:7:\"user_id\";s:1:\"1\";s:8:\"group_id\";s:1:\"1\";s:5:\"group\";s:5:\"admin\";}'),
	('7ce1ab66cae398a8830181179b2a439e','::1','Mozilla/5.0 (Macintosh; Intel Mac OS X 10_9_5) AppleWebKit/537.36 (KHTML, like Gecko) Chrome/38.0.2125.104 Safari/537.36',1414133711,'a:1:{s:14:\"admin_redirect\";s:5:\"admin\";}'),
	('67eb3ea9a4df457c3cedb7cd84953f87','::1','Mozilla/5.0 (iPhone; CPU iPhone OS 7_0 like Mac OS X; en-us) AppleWebKit/537.51.1 (KHTML, like Gecko) Version/7.0 Mobile',1414136073,'a:6:{s:8:\"username\";s:2:\"RD\";s:5:\"email\";s:24:\"jose.lopes@rd-agency.com\";s:2:\"id\";s:1:\"1\";s:7:\"user_id\";s:1:\"1\";s:8:\"group_id\";s:1:\"1\";s:5:\"group\";s:5:\"admin\";}'),
	('8f02e9f35d74b2b881b82aac1a07b028','::1','Mozilla/5.0 (Macintosh; Intel Mac OS X 10_9_5) AppleWebKit/537.36 (KHTML, like Gecko) Chrome/38.0.2125.104 Safari/537.36',1414136107,'a:1:{s:14:\"admin_redirect\";s:5:\"admin\";}'),
	('a5af86adc3c987c471ca78d3b6d6328d','::1','Mozilla/5.0 (iPhone; CPU iPhone OS 7_0 like Mac OS X; en-us) AppleWebKit/537.51.1 (KHTML, like Gecko) Version/7.0 Mobile',1414138879,'a:8:{s:8:\"username\";s:2:\"RD\";s:5:\"email\";s:24:\"jose.lopes@rd-agency.com\";s:2:\"id\";s:1:\"1\";s:7:\"user_id\";s:1:\"1\";s:8:\"group_id\";s:1:\"1\";s:5:\"group\";s:5:\"admin\";s:6:\"offset\";i:0;s:10:\"return_url\";s:56:\"http://localhost/_DEV/CodeIgniter-Backoffice/admin/todos\";}'),
	('f5fd900840238051585bca4a2f553429','::1','Mozilla/5.0 (Macintosh; Intel Mac OS X 10_9_5) AppleWebKit/537.36 (KHTML, like Gecko) Chrome/38.0.2125.104 Safari/537.36',1414138891,''),
	('26a727793e827f415cce38b7aebb32bd','::1','Mozilla/5.0 (iPhone; CPU iPhone OS 7_0 like Mac OS X; en-us) AppleWebKit/537.51.1 (KHTML, like Gecko) Version/7.0 Mobile',1414138920,'a:6:{s:8:\"username\";s:2:\"RD\";s:5:\"email\";s:24:\"jose.lopes@rd-agency.com\";s:2:\"id\";s:1:\"1\";s:7:\"user_id\";s:1:\"1\";s:8:\"group_id\";s:1:\"1\";s:5:\"group\";s:5:\"admin\";}'),
	('435e34b6264869862847b5870b74477d','::1','Mozilla/5.0 (Macintosh; Intel Mac OS X 10_9_5) AppleWebKit/537.36 (KHTML, like Gecko) Chrome/38.0.2125.104 Safari/537.36',1414138949,'a:1:{s:14:\"admin_redirect\";s:26:\"admin/todos/media_thumb/26\";}'),
	('81b040d7a4ee5a949e9c6d3ae92a9247','::1','Mozilla/5.0 (iPhone; CPU iPhone OS 7_0 like Mac OS X; en-us) AppleWebKit/537.51.1 (KHTML, like Gecko) Version/7.0 Mobile',1414139381,'a:6:{s:8:\"username\";s:2:\"RD\";s:5:\"email\";s:24:\"jose.lopes@rd-agency.com\";s:2:\"id\";s:1:\"1\";s:7:\"user_id\";s:1:\"1\";s:8:\"group_id\";s:1:\"1\";s:5:\"group\";s:5:\"admin\";}'),
	('9d64abf20af388b03f13dfb79565d867','::1','Mozilla/5.0 (Macintosh; Intel Mac OS X 10_9_5) AppleWebKit/537.36 (KHTML, like Gecko) Chrome/38.0.2125.104 Safari/537.36',1414139450,''),
	('5e55e76c053cac7b38b133da5c62fc67','::1','Mozilla/5.0 (iPhone; CPU iPhone OS 7_0 like Mac OS X; en-us) AppleWebKit/537.51.1 (KHTML, like Gecko) Version/7.0 Mobile',1414139497,'a:6:{s:8:\"username\";s:2:\"RD\";s:5:\"email\";s:24:\"jose.lopes@rd-agency.com\";s:2:\"id\";s:1:\"1\";s:7:\"user_id\";s:1:\"1\";s:8:\"group_id\";s:1:\"1\";s:5:\"group\";s:5:\"admin\";}'),
	('2ed9bb290719c288bfa387cc17a2f4e1','::1','Mozilla/5.0 (Macintosh; Intel Mac OS X 10_9_5) AppleWebKit/537.36 (KHTML, like Gecko) Chrome/38.0.2125.104 Safari/537.36',1414139508,''),
	('4b8b360f36b997dc11b51eda08f38bb2','::1','Mozilla/5.0 (iPhone; CPU iPhone OS 7_0 like Mac OS X; en-us) AppleWebKit/537.51.1 (KHTML, like Gecko) Version/7.0 Mobile',1414139956,'a:6:{s:8:\"username\";s:2:\"RD\";s:5:\"email\";s:24:\"jose.lopes@rd-agency.com\";s:2:\"id\";s:1:\"1\";s:7:\"user_id\";s:1:\"1\";s:8:\"group_id\";s:1:\"1\";s:5:\"group\";s:5:\"admin\";}'),
	('020c74d6a10e3ee204fd353fbee5f076','::1','Mozilla/5.0 (Macintosh; Intel Mac OS X 10_9_5) AppleWebKit/537.36 (KHTML, like Gecko) Chrome/38.0.2125.104 Safari/537.36',1414143409,'a:1:{s:14:\"admin_redirect\";s:26:\"admin/todos/media_thumb/26\";}'),
	('f4e9ffa8ce3c04a1e32d8f436d9ee90a','::1','Mozilla/5.0 (Macintosh; Intel Mac OS X 10.9; rv:33.0) Gecko/20100101 Firefox/33.0',1414141974,''),
	('7325e42b807a3055eeadb8e7e20ef73c','::1','Mozilla/5.0 (iPhone; CPU iPhone OS 7_0 like Mac OS X; en-us) AppleWebKit/537.51.1 (KHTML, like Gecko) Version/7.0 Mobile',1414150502,'a:6:{s:8:\"username\";s:2:\"RD\";s:5:\"email\";s:24:\"jose.lopes@rd-agency.com\";s:2:\"id\";s:1:\"1\";s:7:\"user_id\";s:1:\"1\";s:8:\"group_id\";s:1:\"1\";s:5:\"group\";s:5:\"admin\";}'),
	('fb748821f7d758373c004ff00cca0c1b','::1','Mozilla/5.0 (Macintosh; Intel Mac OS X 10_9_5) AppleWebKit/537.36 (KHTML, like Gecko) Chrome/38.0.2125.104 Safari/537.36',1414150591,'a:7:{s:8:\"username\";s:2:\"RD\";s:5:\"email\";s:24:\"jose.lopes@rd-agency.com\";s:2:\"id\";s:1:\"1\";s:7:\"user_id\";s:1:\"1\";s:8:\"group_id\";s:1:\"1\";s:5:\"group\";s:5:\"admin\";s:6:\"offset\";i:0;}'),
	('5dbab029e302489f26a28e62af979642','::1','Mozilla/5.0 (iPhone; CPU iPhone OS 7_0 like Mac OS X; en-us) AppleWebKit/537.51.1 (KHTML, like Gecko) Version/7.0 Mobile',1414150661,'a:7:{s:8:\"username\";s:2:\"RD\";s:5:\"email\";s:24:\"jose.lopes@rd-agency.com\";s:2:\"id\";s:1:\"1\";s:7:\"user_id\";s:1:\"1\";s:8:\"group_id\";s:1:\"1\";s:5:\"group\";s:5:\"admin\";s:10:\"return_url\";s:56:\"http://localhost/_DEV/CodeIgniter-Backoffice/admin/login\";}'),
	('c8d1cb09d74afabe020f5351ec865418','::1','Mozilla/5.0 (Macintosh; Intel Mac OS X 10_9_5) AppleWebKit/537.36 (KHTML, like Gecko) Chrome/38.0.2125.104 Safari/537.36',1414151086,''),
	('8c77b16453f72a81d9d7b33a426bb64f','::1','Mozilla/5.0 (iPhone; CPU iPhone OS 7_0 like Mac OS X; en-us) AppleWebKit/537.51.1 (KHTML, like Gecko) Version/7.0 Mobile',1414151358,'a:8:{s:8:\"username\";s:2:\"RD\";s:5:\"email\";s:24:\"jose.lopes@rd-agency.com\";s:2:\"id\";s:1:\"1\";s:7:\"user_id\";s:1:\"1\";s:8:\"group_id\";s:1:\"1\";s:5:\"group\";s:5:\"admin\";s:6:\"offset\";i:0;s:10:\"return_url\";s:56:\"http://localhost/_DEV/CodeIgniter-Backoffice/admin/todos\";}'),
	('181c5422462b9c8c062bb474cf6884b7','::1','Mozilla/5.0 (Macintosh; Intel Mac OS X 10_9_5) AppleWebKit/537.36 (KHTML, like Gecko) Chrome/38.0.2125.104 Safari/537.36',1414151676,'a:7:{s:8:\"username\";s:2:\"RD\";s:5:\"email\";s:24:\"jose.lopes@rd-agency.com\";s:2:\"id\";s:1:\"1\";s:7:\"user_id\";s:1:\"1\";s:8:\"group_id\";s:1:\"1\";s:5:\"group\";s:5:\"admin\";s:6:\"offset\";i:0;}'),
	('6e4d8f912c4b9ace40f109292500a190','::1','Mozilla/5.0 (iPhone; CPU iPhone OS 7_0 like Mac OS X; en-us) AppleWebKit/537.51.1 (KHTML, like Gecko) Version/7.0 Mobile',1414151780,'a:7:{s:8:\"username\";s:2:\"RD\";s:5:\"email\";s:24:\"jose.lopes@rd-agency.com\";s:2:\"id\";s:1:\"1\";s:7:\"user_id\";s:1:\"1\";s:8:\"group_id\";s:1:\"1\";s:5:\"group\";s:5:\"admin\";s:6:\"offset\";i:0;}'),
	('95a8a71974de435c3e45cf8068a5404c','::1','Mozilla/5.0 (Macintosh; Intel Mac OS X 10_9_5) AppleWebKit/537.36 (KHTML, like Gecko) Chrome/38.0.2125.104 Safari/537.36',1414152174,'a:8:{s:8:\"username\";s:2:\"RD\";s:5:\"email\";s:24:\"jose.lopes@rd-agency.com\";s:2:\"id\";s:1:\"1\";s:7:\"user_id\";s:1:\"1\";s:8:\"group_id\";s:1:\"1\";s:5:\"group\";s:5:\"admin\";s:6:\"offset\";i:0;s:10:\"return_url\";s:56:\"http://localhost/_DEV/CodeIgniter-Backoffice/admin/todos\";}'),
	('3ed59a6dbe3aa8eb736a27705bebd7a1','::1','Mozilla/5.0 (iPhone; CPU iPhone OS 7_0 like Mac OS X; en-us) AppleWebKit/537.51.1 (KHTML, like Gecko) Version/7.0 Mobile',1414152420,'a:6:{s:8:\"username\";s:2:\"RD\";s:5:\"email\";s:24:\"jose.lopes@rd-agency.com\";s:2:\"id\";s:1:\"1\";s:7:\"user_id\";s:1:\"1\";s:8:\"group_id\";s:1:\"1\";s:5:\"group\";s:5:\"admin\";}'),
	('aa4fbf112e39d20e00342b29d889f864','::1','Mozilla/5.0 (Macintosh; Intel Mac OS X 10_9_5) AppleWebKit/537.36 (KHTML, like Gecko) Chrome/38.0.2125.104 Safari/537.36',1414152436,'a:8:{s:8:\"username\";s:2:\"RD\";s:5:\"email\";s:24:\"jose.lopes@rd-agency.com\";s:2:\"id\";s:1:\"1\";s:7:\"user_id\";s:1:\"1\";s:8:\"group_id\";s:1:\"1\";s:5:\"group\";s:5:\"admin\";s:6:\"offset\";i:0;s:10:\"return_url\";s:57:\"http://localhost/_DEV/CodeIgniter-Backoffice/admin/todos/\";}'),
	('cfd01cb08ec79ab44a608fc007ffc43d','::1','Mozilla/5.0 (iPhone; CPU iPhone OS 7_0 like Mac OS X; en-us) AppleWebKit/537.51.1 (KHTML, like Gecko) Version/7.0 Mobile',1414152490,'a:7:{s:8:\"username\";s:2:\"RD\";s:5:\"email\";s:24:\"jose.lopes@rd-agency.com\";s:2:\"id\";s:1:\"1\";s:7:\"user_id\";s:1:\"1\";s:8:\"group_id\";s:1:\"1\";s:5:\"group\";s:5:\"admin\";s:6:\"offset\";i:0;}'),
	('d989209d46c5818571553c35722a0a24','::1','Mozilla/5.0 (Macintosh; Intel Mac OS X 10_9_5) AppleWebKit/537.36 (KHTML, like Gecko) Chrome/38.0.2125.104 Safari/537.36',1414153758,'a:8:{s:8:\"username\";s:2:\"RD\";s:5:\"email\";s:24:\"jose.lopes@rd-agency.com\";s:2:\"id\";s:1:\"1\";s:7:\"user_id\";s:1:\"1\";s:8:\"group_id\";s:1:\"1\";s:5:\"group\";s:5:\"admin\";s:6:\"offset\";i:0;s:10:\"return_url\";s:57:\"http://localhost/_DEV/CodeIgniter-Backoffice/admin/todos/\";}'),
	('8e01b494f70142f23b605a62ba5aeea9','::1','Mozilla/5.0 (iPhone; CPU iPhone OS 7_0 like Mac OS X; en-us) AppleWebKit/537.51.1 (KHTML, like Gecko) Version/7.0 Mobile',1414153776,'a:6:{s:8:\"username\";s:2:\"RD\";s:5:\"email\";s:24:\"jose.lopes@rd-agency.com\";s:2:\"id\";s:1:\"1\";s:7:\"user_id\";s:1:\"1\";s:8:\"group_id\";s:1:\"1\";s:5:\"group\";s:5:\"admin\";}'),
	('aec9973dd16174b634a261bf77e44586','::1','Mozilla/5.0 (Macintosh; Intel Mac OS X 10_9_5) AppleWebKit/537.36 (KHTML, like Gecko) Chrome/38.0.2125.104 Safari/537.36',1414153821,'a:1:{s:14:\"admin_redirect\";s:26:\"admin/todos/media_thumb/50\";}'),
	('4aaa3bd0b72a85dbdffd8dc6fa16f202','::1','Mozilla/5.0 (iPhone; CPU iPhone OS 7_0 like Mac OS X; en-us) AppleWebKit/537.51.1 (KHTML, like Gecko) Version/7.0 Mobile',1414153825,'a:1:{s:14:\"admin_redirect\";s:11:\"admin/files\";}'),
	('0e31f71501fd99bf104bd04a1d29747c','::1','Mozilla/5.0 (Macintosh; Intel Mac OS X 10_9_5) AppleWebKit/537.36 (KHTML, like Gecko) Chrome/38.0.2125.104 Safari/537.36',1414153828,'a:6:{s:8:\"username\";s:2:\"RD\";s:5:\"email\";s:24:\"jose.lopes@rd-agency.com\";s:2:\"id\";s:1:\"1\";s:7:\"user_id\";s:1:\"1\";s:8:\"group_id\";s:1:\"1\";s:5:\"group\";s:5:\"admin\";}'),
	('7b29f5349a1072cd30a162926c54f260','::1','Mozilla/5.0 (iPhone; CPU iPhone OS 7_0 like Mac OS X; en-us) AppleWebKit/537.51.1 (KHTML, like Gecko) Version/7.0 Mobile',1414153830,''),
	('35a5e23bd79302c77e77a30865f5f737','::1','Mozilla/5.0 (Macintosh; Intel Mac OS X 10_9_5) AppleWebKit/537.36 (KHTML, like Gecko) Chrome/38.0.2125.104 Safari/537.36',1414154190,'a:8:{s:8:\"username\";s:2:\"RD\";s:5:\"email\";s:24:\"jose.lopes@rd-agency.com\";s:2:\"id\";s:1:\"1\";s:7:\"user_id\";s:1:\"1\";s:8:\"group_id\";s:1:\"1\";s:5:\"group\";s:5:\"admin\";s:6:\"offset\";i:0;s:10:\"return_url\";s:56:\"http://localhost/_DEV/CodeIgniter-Backoffice/admin/todos\";}'),
	('c5c9332c6d76a4a57ae9fe01f3dc895e','::1','Mozilla/5.0 (iPhone; CPU iPhone OS 7_0 like Mac OS X; en-us) AppleWebKit/537.51.1 (KHTML, like Gecko) Version/7.0 Mobile',1414154476,'a:6:{s:8:\"username\";s:2:\"RD\";s:5:\"email\";s:24:\"jose.lopes@rd-agency.com\";s:2:\"id\";s:1:\"1\";s:7:\"user_id\";s:1:\"1\";s:8:\"group_id\";s:1:\"1\";s:5:\"group\";s:5:\"admin\";}'),
	('abf43c5fe0198509c4b6e549e56c095f','::1','Mozilla/5.0 (Macintosh; Intel Mac OS X 10_9_5) AppleWebKit/537.36 (KHTML, like Gecko) Chrome/38.0.2125.104 Safari/537.36',1414156731,'a:8:{s:8:\"username\";s:2:\"RD\";s:5:\"email\";s:24:\"jose.lopes@rd-agency.com\";s:2:\"id\";s:1:\"1\";s:7:\"user_id\";s:1:\"1\";s:8:\"group_id\";s:1:\"1\";s:5:\"group\";s:5:\"admin\";s:6:\"offset\";i:0;s:10:\"return_url\";s:56:\"http://localhost/_DEV/CodeIgniter-Backoffice/admin/todos\";}'),
	('b8669da5480a94bfaae96a1b696f5143','::1','Mozilla/5.0 (iPhone; CPU iPhone OS 7_0 like Mac OS X; en-us) AppleWebKit/537.51.1 (KHTML, like Gecko) Version/7.0 Mobile',1414156801,'a:8:{s:8:\"username\";s:2:\"RD\";s:5:\"email\";s:24:\"jose.lopes@rd-agency.com\";s:2:\"id\";s:1:\"1\";s:7:\"user_id\";s:1:\"1\";s:8:\"group_id\";s:1:\"1\";s:5:\"group\";s:5:\"admin\";s:6:\"offset\";i:0;s:10:\"return_url\";s:56:\"http://localhost/_DEV/CodeIgniter-Backoffice/admin/todos\";}'),
	('85bcaca6494e9ebe4385e2fce7608518','::1','Mozilla/5.0 (Macintosh; Intel Mac OS X 10_9_5) AppleWebKit/537.36 (KHTML, like Gecko) Chrome/38.0.2125.104 Safari/537.36',1414159822,'a:6:{s:8:\"username\";s:2:\"RD\";s:5:\"email\";s:24:\"jose.lopes@rd-agency.com\";s:2:\"id\";s:1:\"1\";s:7:\"user_id\";s:1:\"1\";s:8:\"group_id\";s:1:\"1\";s:5:\"group\";s:5:\"admin\";}'),
	('dd726a805c67e67af2d4d691f40476e7','::1','Mozilla/5.0 (iPhone; CPU iPhone OS 7_0 like Mac OS X; en-us) AppleWebKit/537.51.1 (KHTML, like Gecko) Version/7.0 Mobile',1414159831,'a:1:{s:14:\"admin_redirect\";s:17:\"admin/files/order\";}'),
	('94d07b885781bd15c4245b509fa83470','::1','Mozilla/5.0 (Macintosh; Intel Mac OS X 10_9_5) AppleWebKit/537.36 (KHTML, like Gecko) Chrome/38.0.2125.104 Safari/537.36',1414166307,'a:7:{s:8:\"username\";s:2:\"RD\";s:5:\"email\";s:24:\"jose.lopes@rd-agency.com\";s:2:\"id\";s:1:\"1\";s:7:\"user_id\";s:1:\"1\";s:8:\"group_id\";s:1:\"1\";s:5:\"group\";s:5:\"admin\";s:6:\"offset\";i:0;}'),
	('41bd2f6fbd8c95b3e2e60622ab70b518','192.168.100.79','Mozilla/5.0 (Macintosh; Intel Mac OS X 10_9_5) AppleWebKit/537.36 (KHTML, like Gecko) Chrome/38.0.2125.104 Safari/537.36',1414161455,'a:8:{s:8:\"username\";s:2:\"RD\";s:5:\"email\";s:24:\"jose.lopes@rd-agency.com\";s:2:\"id\";s:1:\"1\";s:7:\"user_id\";s:1:\"1\";s:8:\"group_id\";s:1:\"1\";s:5:\"group\";s:5:\"admin\";s:6:\"offset\";i:0;s:10:\"return_url\";s:62:\"http://192.168.100.213/_DEV/CodeIgniter-Backoffice/admin/todos\";}'),
	('122a3bcd849ccb9a2716201e8115e6ed','::1','Mozilla/5.0 (Macintosh; Intel Mac OS X 10_9_5) AppleWebKit/537.36 (KHTML, like Gecko) Chrome/38.0.2125.104 Safari/537.36',1414416942,'a:8:{s:8:\"username\";s:2:\"RD\";s:5:\"email\";s:24:\"jose.lopes@rd-agency.com\";s:2:\"id\";s:1:\"1\";s:7:\"user_id\";s:1:\"1\";s:8:\"group_id\";s:1:\"1\";s:5:\"group\";s:5:\"admin\";s:6:\"offset\";i:0;s:10:\"return_url\";s:56:\"http://localhost/_DEV/CodeIgniter-Backoffice/admin/todos\";}');

/*!40000 ALTER TABLE `default_ci_sessions` ENABLE KEYS */;
UNLOCK TABLES;


# Dump of table default_comment_blacklists
# ------------------------------------------------------------

DROP TABLE IF EXISTS `default_comment_blacklists`;

CREATE TABLE `default_comment_blacklists` (
  `id` int(11) NOT NULL AUTO_INCREMENT,
  `website` varchar(255) COLLATE utf8_unicode_ci NOT NULL DEFAULT '',
  `email` varchar(150) COLLATE utf8_unicode_ci NOT NULL DEFAULT '',
  PRIMARY KEY (`id`)
) ENGINE=InnoDB DEFAULT CHARSET=utf8 COLLATE=utf8_unicode_ci;



# Dump of table default_comments
# ------------------------------------------------------------

DROP TABLE IF EXISTS `default_comments`;

CREATE TABLE `default_comments` (
  `id` int(11) NOT NULL AUTO_INCREMENT,
  `is_active` int(1) NOT NULL DEFAULT '0',
  `user_id` int(11) NOT NULL DEFAULT '0',
  `user_name` varchar(40) COLLATE utf8_unicode_ci NOT NULL DEFAULT '',
  `user_email` varchar(40) COLLATE utf8_unicode_ci NOT NULL DEFAULT '',
  `user_website` varchar(255) COLLATE utf8_unicode_ci NOT NULL,
  `comment` text COLLATE utf8_unicode_ci NOT NULL,
  `parsed` text COLLATE utf8_unicode_ci NOT NULL,
  `module` varchar(40) COLLATE utf8_unicode_ci NOT NULL,
  `entry_id` varchar(255) COLLATE utf8_unicode_ci NOT NULL DEFAULT '0',
  `entry_title` char(255) COLLATE utf8_unicode_ci NOT NULL,
  `entry_key` varchar(100) COLLATE utf8_unicode_ci NOT NULL,
  `entry_plural` varchar(100) COLLATE utf8_unicode_ci NOT NULL,
  `uri` varchar(255) COLLATE utf8_unicode_ci DEFAULT NULL,
  `cp_uri` varchar(255) COLLATE utf8_unicode_ci DEFAULT NULL,
  `created_on` int(11) NOT NULL DEFAULT '0',
  `ip_address` varchar(15) COLLATE utf8_unicode_ci NOT NULL DEFAULT '',
  PRIMARY KEY (`id`)
) ENGINE=InnoDB DEFAULT CHARSET=utf8 COLLATE=utf8_unicode_ci;



# Dump of table default_contact_log
# ------------------------------------------------------------

DROP TABLE IF EXISTS `default_contact_log`;

CREATE TABLE `default_contact_log` (
  `id` int(11) NOT NULL AUTO_INCREMENT,
  `email` varchar(255) COLLATE utf8_unicode_ci NOT NULL DEFAULT '',
  `subject` varchar(255) COLLATE utf8_unicode_ci NOT NULL DEFAULT '',
  `message` text COLLATE utf8_unicode_ci NOT NULL,
  `sender_agent` varchar(64) COLLATE utf8_unicode_ci NOT NULL DEFAULT '',
  `sender_ip` varchar(32) COLLATE utf8_unicode_ci NOT NULL DEFAULT '',
  `sender_os` varchar(32) COLLATE utf8_unicode_ci NOT NULL DEFAULT '',
  `sent_at` int(11) NOT NULL DEFAULT '0',
  `attachments` text COLLATE utf8_unicode_ci NOT NULL,
  PRIMARY KEY (`id`)
) ENGINE=InnoDB DEFAULT CHARSET=utf8 COLLATE=utf8_unicode_ci;



# Dump of table default_data_field_assignments
# ------------------------------------------------------------

DROP TABLE IF EXISTS `default_data_field_assignments`;

CREATE TABLE `default_data_field_assignments` (
  `id` int(11) unsigned NOT NULL AUTO_INCREMENT,
  `sort_order` int(11) NOT NULL,
  `stream_id` int(11) NOT NULL,
  `field_id` int(11) NOT NULL,
  `is_required` enum('yes','no') COLLATE utf8_unicode_ci NOT NULL DEFAULT 'no',
  `is_unique` enum('yes','no') COLLATE utf8_unicode_ci NOT NULL DEFAULT 'no',
  `instructions` text COLLATE utf8_unicode_ci,
  `field_name` varchar(255) COLLATE utf8_unicode_ci DEFAULT NULL,
  PRIMARY KEY (`id`)
) ENGINE=InnoDB DEFAULT CHARSET=utf8 COLLATE=utf8_unicode_ci;

LOCK TABLES `default_data_field_assignments` WRITE;
/*!40000 ALTER TABLE `default_data_field_assignments` DISABLE KEYS */;

INSERT INTO `default_data_field_assignments` (`id`, `sort_order`, `stream_id`, `field_id`, `is_required`, `is_unique`, `instructions`, `field_name`)
VALUES
	(1,1,1,1,'yes','no',NULL,NULL),
	(2,1,2,2,'no','no',NULL,NULL),
	(3,1,3,3,'yes','no',NULL,NULL),
	(4,2,3,4,'yes','no',NULL,NULL),
	(5,3,3,5,'no','no',NULL,NULL),
	(6,4,3,6,'no','no',NULL,NULL),
	(7,5,3,7,'no','no',NULL,NULL),
	(8,6,3,8,'no','no',NULL,NULL),
	(9,7,3,9,'no','no',NULL,NULL),
	(10,8,3,10,'no','no',NULL,NULL),
	(11,9,3,11,'no','no',NULL,NULL),
	(12,10,3,12,'no','no',NULL,NULL),
	(13,11,3,13,'no','no',NULL,NULL),
	(14,12,3,14,'no','no',NULL,NULL),
	(15,13,3,15,'no','no',NULL,NULL),
	(16,14,3,16,'no','no',NULL,NULL);

/*!40000 ALTER TABLE `default_data_field_assignments` ENABLE KEYS */;
UNLOCK TABLES;


# Dump of table default_data_fields
# ------------------------------------------------------------

DROP TABLE IF EXISTS `default_data_fields`;

CREATE TABLE `default_data_fields` (
  `id` int(11) unsigned NOT NULL AUTO_INCREMENT,
  `field_name` varchar(60) COLLATE utf8_unicode_ci NOT NULL,
  `field_slug` varchar(60) COLLATE utf8_unicode_ci NOT NULL,
  `field_namespace` varchar(60) COLLATE utf8_unicode_ci DEFAULT NULL,
  `field_type` varchar(50) COLLATE utf8_unicode_ci NOT NULL,
  `field_data` blob,
  `view_options` blob,
  `is_locked` enum('yes','no') COLLATE utf8_unicode_ci NOT NULL DEFAULT 'no',
  PRIMARY KEY (`id`)
) ENGINE=InnoDB DEFAULT CHARSET=utf8 COLLATE=utf8_unicode_ci;

LOCK TABLES `default_data_fields` WRITE;
/*!40000 ALTER TABLE `default_data_fields` DISABLE KEYS */;

INSERT INTO `default_data_fields` (`id`, `field_name`, `field_slug`, `field_namespace`, `field_type`, `field_data`, `view_options`, `is_locked`)
VALUES
	(1,'lang:blog:intro_label','intro','blogs','wysiwyg',X'613A323A7B733A31313A22656469746F725F74797065223B733A363A2273696D706C65223B733A31303A22616C6C6F775F74616773223B733A313A2279223B7D',NULL,'no'),
	(2,'lang:pages:body_label','body','pages','wysiwyg',X'613A323A7B733A31313A22656469746F725F74797065223B733A383A22616476616E636564223B733A31303A22616C6C6F775F74616773223B733A313A2279223B7D',NULL,'no'),
	(3,'lang:user:first_name_label','first_name','users','text',X'613A323A7B733A31303A226D61785F6C656E677468223B693A35303B733A31333A2264656661756C745F76616C7565223B4E3B7D',NULL,'no'),
	(4,'lang:user:last_name_label','last_name','users','text',X'613A323A7B733A31303A226D61785F6C656E677468223B693A35303B733A31333A2264656661756C745F76616C7565223B4E3B7D',NULL,'no'),
	(5,'lang:profile_company','company','users','text',X'613A323A7B733A31303A226D61785F6C656E677468223B693A3130303B733A31333A2264656661756C745F76616C7565223B4E3B7D',NULL,'no'),
	(6,'lang:profile_bio','bio','users','textarea',X'613A323A7B733A31323A2264656661756C745F74657874223B4E3B733A31303A22616C6C6F775F74616773223B4E3B7D',NULL,'no'),
	(7,'lang:user:lang','lang','users','pyro_lang',X'613A313A7B733A31323A2266696C7465725F7468656D65223B733A333A22796573223B7D',NULL,'no'),
	(8,'lang:profile_dob','dob','users','datetime',X'613A353A7B733A383A227573655F74696D65223B733A323A226E6F223B733A31303A2273746172745F64617465223B733A353A222D31303059223B733A383A22656E645F64617465223B4E3B733A373A2273746F72616765223B733A343A22756E6978223B733A31303A22696E7075745F74797065223B733A383A2264726F70646F776E223B7D',NULL,'no'),
	(9,'lang:profile_gender','gender','users','choice',X'613A353A7B733A31313A2263686F6963655F64617461223B733A33343A22203A204E6F742054656C6C696E670A6D203A204D616C650A66203A2046656D616C65223B733A31313A2263686F6963655F74797065223B733A383A2264726F70646F776E223B733A31333A2264656661756C745F76616C7565223B4E3B733A31313A226D696E5F63686F69636573223B4E3B733A31313A226D61785F63686F69636573223B4E3B7D',NULL,'no'),
	(10,'lang:profile_phone','phone','users','text',X'613A323A7B733A31303A226D61785F6C656E677468223B693A32303B733A31333A2264656661756C745F76616C7565223B4E3B7D',NULL,'no'),
	(11,'lang:profile_mobile','mobile','users','text',X'613A323A7B733A31303A226D61785F6C656E677468223B693A32303B733A31333A2264656661756C745F76616C7565223B4E3B7D',NULL,'no'),
	(12,'lang:profile_address_line1','address_line1','users','text',X'613A323A7B733A31303A226D61785F6C656E677468223B4E3B733A31333A2264656661756C745F76616C7565223B4E3B7D',NULL,'no'),
	(13,'lang:profile_address_line2','address_line2','users','text',X'613A323A7B733A31303A226D61785F6C656E677468223B4E3B733A31333A2264656661756C745F76616C7565223B4E3B7D',NULL,'no'),
	(14,'lang:profile_address_line3','address_line3','users','text',X'613A323A7B733A31303A226D61785F6C656E677468223B4E3B733A31333A2264656661756C745F76616C7565223B4E3B7D',NULL,'no'),
	(15,'lang:profile_address_postcode','postcode','users','text',X'613A323A7B733A31303A226D61785F6C656E677468223B693A32303B733A31333A2264656661756C745F76616C7565223B4E3B7D',NULL,'no'),
	(16,'lang:profile_website','website','users','url',NULL,NULL,'no');

/*!40000 ALTER TABLE `default_data_fields` ENABLE KEYS */;
UNLOCK TABLES;


# Dump of table default_data_streams
# ------------------------------------------------------------

DROP TABLE IF EXISTS `default_data_streams`;

CREATE TABLE `default_data_streams` (
  `id` int(10) unsigned NOT NULL AUTO_INCREMENT,
  `stream_name` varchar(60) COLLATE utf8_unicode_ci NOT NULL,
  `stream_slug` varchar(60) COLLATE utf8_unicode_ci NOT NULL,
  `stream_namespace` varchar(60) COLLATE utf8_unicode_ci DEFAULT NULL,
  `stream_prefix` varchar(60) COLLATE utf8_unicode_ci DEFAULT NULL,
  `about` varchar(255) COLLATE utf8_unicode_ci DEFAULT NULL,
  `view_options` blob NOT NULL,
  `title_column` varchar(255) COLLATE utf8_unicode_ci DEFAULT NULL,
  `sorting` enum('title','custom') COLLATE utf8_unicode_ci NOT NULL DEFAULT 'title',
  `permissions` text COLLATE utf8_unicode_ci,
  `is_hidden` enum('yes','no') COLLATE utf8_unicode_ci NOT NULL DEFAULT 'no',
  `menu_path` varchar(255) COLLATE utf8_unicode_ci DEFAULT NULL,
  PRIMARY KEY (`id`)
) ENGINE=InnoDB DEFAULT CHARSET=utf8 COLLATE=utf8_unicode_ci;

LOCK TABLES `default_data_streams` WRITE;
/*!40000 ALTER TABLE `default_data_streams` DISABLE KEYS */;

INSERT INTO `default_data_streams` (`id`, `stream_name`, `stream_slug`, `stream_namespace`, `stream_prefix`, `about`, `view_options`, `title_column`, `sorting`, `permissions`, `is_hidden`, `menu_path`)
VALUES
	(1,'lang:blog:blog_title','blog','blogs',NULL,NULL,X'613A323A7B693A303B733A323A226964223B693A313B733A373A2263726561746564223B7D',NULL,'title',NULL,'no',NULL),
	(2,'Default','def_page_fields','pages',NULL,'A simple page type with a WYSIWYG editor that will get you started adding content.',X'613A323A7B693A303B733A323A226964223B693A313B733A373A2263726561746564223B7D',NULL,'title',NULL,'no',NULL),
	(3,'lang:user_profile_fields_label','profiles','users',NULL,'Profiles for users module',X'613A313A7B693A303B733A31323A22646973706C61795F6E616D65223B7D','display_name','title',NULL,'no',NULL);

/*!40000 ALTER TABLE `default_data_streams` ENABLE KEYS */;
UNLOCK TABLES;


# Dump of table default_def_page_fields
# ------------------------------------------------------------

DROP TABLE IF EXISTS `default_def_page_fields`;

CREATE TABLE `default_def_page_fields` (
  `id` int(9) NOT NULL AUTO_INCREMENT,
  `created` datetime NOT NULL,
  `updated` datetime DEFAULT NULL,
  `created_by` int(11) DEFAULT NULL,
  `ordering_count` int(11) DEFAULT NULL,
  `body` longtext COLLATE utf8_unicode_ci,
  PRIMARY KEY (`id`)
) ENGINE=InnoDB DEFAULT CHARSET=utf8 COLLATE=utf8_unicode_ci;

LOCK TABLES `default_def_page_fields` WRITE;
/*!40000 ALTER TABLE `default_def_page_fields` DISABLE KEYS */;

INSERT INTO `default_def_page_fields` (`id`, `created`, `updated`, `created_by`, `ordering_count`, `body`)
VALUES
	(1,'2014-10-07 17:07:17',NULL,1,NULL,'<p>Welcome to our homepage. We have not quite finished setting up our website yet, but please add us to your bookmarks and come back soon.</p>'),
	(2,'2014-10-07 17:07:17',NULL,1,NULL,'<p>To contact us please fill out the form below.</p>\n				{{ contact:form name=\"text|required\" email=\"text|required|valid_email\" subject=\"dropdown|Support|Sales|Feedback|Other\" message=\"textarea\" attachment=\"file|zip\" }}\n					<div><label for=\"name\">Name:</label>{{ name }}</div>\n					<div><label for=\"email\">Email:</label>{{ email }}</div>\n					<div><label for=\"subject\">Subject:</label>{{ subject }}</div>\n					<div><label for=\"message\">Message:</label>{{ message }}</div>\n					<div><label for=\"attachment\">Attach  a zip file:</label>{{ attachment }}</div>\n				{{ /contact:form }}'),
	(3,'2014-10-07 17:07:17',NULL,1,NULL,'{{ search:form class=\"search-form\" }} \n		<input name=\"q\" placeholder=\"Search terms...\" />\n	{{ /search:form }}'),
	(4,'2014-10-07 17:07:17',NULL,1,NULL,'{{ search:form class=\"search-form\" }} \n		<input name=\"q\" placeholder=\"Search terms...\" />\n	{{ /search:form }}\n\n{{ search:results }}\n\n	{{ total }} results for \"{{ query }}\".\n\n	<hr />\n\n	{{ entries }}\n\n		<article>\n			<h4>{{ singular }}: <a href=\"{{ url }}\">{{ title }}</a></h4>\n			<p>{{ description }}</p>\n		</article>\n\n	{{ /entries }}\n\n        {{ pagination }}\n\n{{ /search:results }}'),
	(5,'2014-10-07 17:07:17',NULL,1,NULL,'<p>We cannot find the page you are looking for, please click <a title=\"Home\" href=\"{{ pages:url id=\'1\' }}\">here</a> to go to the homepage.</p>');

/*!40000 ALTER TABLE `default_def_page_fields` ENABLE KEYS */;
UNLOCK TABLES;


# Dump of table default_email_templates
# ------------------------------------------------------------

DROP TABLE IF EXISTS `default_email_templates`;

CREATE TABLE `default_email_templates` (
  `id` int(11) NOT NULL AUTO_INCREMENT,
  `slug` varchar(100) COLLATE utf8_unicode_ci NOT NULL,
  `name` varchar(100) COLLATE utf8_unicode_ci NOT NULL,
  `description` varchar(255) COLLATE utf8_unicode_ci NOT NULL,
  `subject` varchar(255) COLLATE utf8_unicode_ci NOT NULL,
  `body` text COLLATE utf8_unicode_ci NOT NULL,
  `lang` varchar(2) COLLATE utf8_unicode_ci DEFAULT NULL,
  `is_default` int(1) NOT NULL DEFAULT '0',
  `module` varchar(50) COLLATE utf8_unicode_ci NOT NULL DEFAULT '',
  PRIMARY KEY (`id`),
  UNIQUE KEY `slug_lang` (`slug`,`lang`)
) ENGINE=InnoDB DEFAULT CHARSET=utf8 COLLATE=utf8_unicode_ci;

LOCK TABLES `default_email_templates` WRITE;
/*!40000 ALTER TABLE `default_email_templates` DISABLE KEYS */;

INSERT INTO `default_email_templates` (`id`, `slug`, `name`, `description`, `subject`, `body`, `lang`, `is_default`, `module`)
VALUES
	(1,'comments','Comment Notification','Email that is sent to admin when someone creates a comment','You have just received a comment from {{ name }}','<h3>You have received a comment from {{ name }}</h3>\n				<p>\n				<strong>IP Address: {{ sender_ip }}</strong><br/>\n				<strong>Operating System: {{ sender_os }}<br/>\n				<strong>User Agent: {{ sender_agent }}</strong>\n				</p>\n				<p>{{ comment }}</p>\n				<p>View Comment: {{ redirect_url }}</p>','en',1,'comments'),
	(2,'contact','Contact Notification','Template for the contact form','{{ settings:site_name }} :: {{ subject }}','This message was sent via the contact form on with the following details:\n				<hr />\n				IP Address: {{ sender_ip }}\n				OS {{ sender_os }}\n				Agent {{ sender_agent }}\n				<hr />\n				{{ message }}\n\n				{{ name }},\n\n				{{ email }}','en',1,'pages'),
	(3,'registered','New User Registered','Email sent to the site contact e-mail when a new user registers','{{ settings:site_name }} :: You have just received a registration from {{ name }}','<h3>You have received a registration from {{ name }}</h3>\n				<p><strong>IP Address: {{ sender_ip }}</strong><br/>\n				<strong>Operating System: {{ sender_os }}</strong><br/>\n				<strong>User Agent: {{ sender_agent }}</strong>\n				</p>','en',1,'users'),
	(4,'activation','Activation Email','The email which contains the activation code that is sent to a new user','{{ settings:site_name }} - Account Activation','<p>Hello {{ user:first_name }},</p>\n				<p>Thank you for registering at {{ settings:site_name }}. Before we can activate your account, please complete the registration process by clicking on the following link:</p>\n				<p><a href=\"{{ url:site }}users/activate/{{ user:id }}/{{ activation_code }}\">{{ url:site }}users/activate/{{ user:id }}/{{ activation_code }}</a></p>\n				<p>&nbsp;</p>\n				<p>In case your email program does not recognize the above link as, please direct your browser to the following URL and enter the activation code:</p>\n				<p><a href=\"{{ url:site }}users/activate\">{{ url:site }}users/activate</a></p>\n				<p><strong>Activation Code:</strong> {{ activation_code }}</p>','en',1,'users'),
	(5,'forgotten_password','Forgotten Password Email','The email that is sent containing a password reset code','{{ settings:site_name }} - Forgotten Password','<p>Hello {{ user:first_name }},</p>\n				<p>It seems you have requested a password reset. Please click this link to complete the reset: <a href=\"{{ url:site }}users/reset_pass/{{ user:forgotten_password_code }}\">{{ url:site }}users/reset_pass/{{ user:forgotten_password_code }}</a></p>\n				<p>If you did not request a password reset please disregard this message. No further action is necessary.</p>','en',1,'users'),
	(6,'new_password','New Password Email','After a password is reset this email is sent containing the new password','{{ settings:site_name }} - New Password','<p>Hello {{ user:first_name }},</p>\n				<p>Your new password is: {{ new_password }}</p>\n				<p>After logging in you may change your password by visiting <a href=\"{{ url:site }}edit-profile\">{{ url:site }}edit-profile</a></p>','en',1,'users');

/*!40000 ALTER TABLE `default_email_templates` ENABLE KEYS */;
UNLOCK TABLES;


# Dump of table default_file_folders
# ------------------------------------------------------------

DROP TABLE IF EXISTS `default_file_folders`;

CREATE TABLE `default_file_folders` (
  `id` int(11) NOT NULL AUTO_INCREMENT,
  `parent_id` int(11) DEFAULT '0',
  `slug` varchar(100) COLLATE utf8_unicode_ci NOT NULL,
  `name` varchar(100) COLLATE utf8_unicode_ci NOT NULL,
  `location` varchar(20) COLLATE utf8_unicode_ci NOT NULL DEFAULT 'local',
  `remote_container` varchar(100) COLLATE utf8_unicode_ci NOT NULL DEFAULT '',
  `date_added` int(11) NOT NULL,
  `sort` int(11) NOT NULL DEFAULT '0',
  PRIMARY KEY (`id`)
) ENGINE=InnoDB DEFAULT CHARSET=utf8 COLLATE=utf8_unicode_ci;



# Dump of table default_files
# ------------------------------------------------------------

DROP TABLE IF EXISTS `default_files`;

CREATE TABLE `default_files` (
  `id` char(15) COLLATE utf8_unicode_ci NOT NULL,
  `folder_id` int(11) NOT NULL DEFAULT '0',
  `user_id` int(11) NOT NULL DEFAULT '1',
  `type` enum('a','v','d','i','o') COLLATE utf8_unicode_ci DEFAULT NULL,
  `name` varchar(100) COLLATE utf8_unicode_ci NOT NULL,
  `filename` varchar(255) COLLATE utf8_unicode_ci NOT NULL,
  `path` varchar(255) COLLATE utf8_unicode_ci NOT NULL DEFAULT '',
  `description` text COLLATE utf8_unicode_ci NOT NULL,
  `extension` varchar(10) COLLATE utf8_unicode_ci NOT NULL,
  `mimetype` varchar(100) COLLATE utf8_unicode_ci NOT NULL,
  `keywords` char(32) COLLATE utf8_unicode_ci NOT NULL DEFAULT '',
  `width` int(5) DEFAULT NULL,
  `height` int(5) DEFAULT NULL,
  `filesize` int(11) NOT NULL DEFAULT '0',
  `alt_attribute` varchar(255) COLLATE utf8_unicode_ci DEFAULT NULL,
  `download_count` int(11) NOT NULL DEFAULT '0',
  `date_added` int(11) NOT NULL DEFAULT '0',
  `sort` int(11) NOT NULL DEFAULT '0',
  PRIMARY KEY (`id`)
) ENGINE=InnoDB DEFAULT CHARSET=utf8 COLLATE=utf8_unicode_ci;



# Dump of table default_groups
# ------------------------------------------------------------

DROP TABLE IF EXISTS `default_groups`;

CREATE TABLE `default_groups` (
  `id` int(11) NOT NULL AUTO_INCREMENT,
  `name` varchar(100) COLLATE utf8_unicode_ci NOT NULL,
  `description` varchar(250) COLLATE utf8_unicode_ci DEFAULT NULL,
  PRIMARY KEY (`id`)
) ENGINE=InnoDB DEFAULT CHARSET=utf8 COLLATE=utf8_unicode_ci;

LOCK TABLES `default_groups` WRITE;
/*!40000 ALTER TABLE `default_groups` DISABLE KEYS */;

INSERT INTO `default_groups` (`id`, `name`, `description`)
VALUES
	(1,'admin','Administrator'),
	(2,'user','User');

/*!40000 ALTER TABLE `default_groups` ENABLE KEYS */;
UNLOCK TABLES;


# Dump of table default_keywords
# ------------------------------------------------------------

DROP TABLE IF EXISTS `default_keywords`;

CREATE TABLE `default_keywords` (
  `id` int(11) NOT NULL AUTO_INCREMENT,
  `name` varchar(50) COLLATE utf8_unicode_ci NOT NULL,
  PRIMARY KEY (`id`)
) ENGINE=InnoDB DEFAULT CHARSET=utf8 COLLATE=utf8_unicode_ci;



# Dump of table default_keywords_applied
# ------------------------------------------------------------

DROP TABLE IF EXISTS `default_keywords_applied`;

CREATE TABLE `default_keywords_applied` (
  `id` int(11) NOT NULL AUTO_INCREMENT,
  `hash` char(32) COLLATE utf8_unicode_ci NOT NULL DEFAULT '',
  `keyword_id` int(11) NOT NULL,
  PRIMARY KEY (`id`)
) ENGINE=InnoDB DEFAULT CHARSET=utf8 COLLATE=utf8_unicode_ci;



# Dump of table default_migrations
# ------------------------------------------------------------

DROP TABLE IF EXISTS `default_migrations`;

CREATE TABLE `default_migrations` (
  `version` int(3) DEFAULT NULL
) ENGINE=MyISAM DEFAULT CHARSET=utf8 COLLATE=utf8_unicode_ci;

LOCK TABLES `default_migrations` WRITE;
/*!40000 ALTER TABLE `default_migrations` DISABLE KEYS */;

INSERT INTO `default_migrations` (`version`)
VALUES
	(120);

/*!40000 ALTER TABLE `default_migrations` ENABLE KEYS */;
UNLOCK TABLES;


# Dump of table default_modules
# ------------------------------------------------------------

DROP TABLE IF EXISTS `default_modules`;

CREATE TABLE `default_modules` (
  `id` int(11) NOT NULL AUTO_INCREMENT,
  `name` text COLLATE utf8_unicode_ci NOT NULL,
  `slug` varchar(50) COLLATE utf8_unicode_ci NOT NULL,
  `version` varchar(20) COLLATE utf8_unicode_ci NOT NULL,
  `type` varchar(20) COLLATE utf8_unicode_ci DEFAULT NULL,
  `description` text COLLATE utf8_unicode_ci,
  `skip_xss` tinyint(1) NOT NULL,
  `is_frontend` tinyint(1) NOT NULL,
  `is_backend` tinyint(1) NOT NULL,
  `menu` varchar(20) COLLATE utf8_unicode_ci NOT NULL,
  `enabled` tinyint(1) NOT NULL,
  `installed` tinyint(1) NOT NULL,
  `is_core` tinyint(1) NOT NULL,
  `updated_on` int(11) NOT NULL DEFAULT '0',
  PRIMARY KEY (`id`),
  UNIQUE KEY `slug` (`slug`),
  KEY `enabled` (`enabled`)
) ENGINE=MyISAM DEFAULT CHARSET=utf8 COLLATE=utf8_unicode_ci;

LOCK TABLES `default_modules` WRITE;
/*!40000 ALTER TABLE `default_modules` DISABLE KEYS */;

INSERT INTO `default_modules` (`id`, `name`, `slug`, `version`, `type`, `description`, `skip_xss`, `is_frontend`, `is_backend`, `menu`, `enabled`, `installed`, `is_core`, `updated_on`)
VALUES
	(1,'a:24:{s:2:\"en\";s:8:\"Settings\";s:2:\"ar\";s:18:\"الإعدادات\";s:2:\"br\";s:15:\"Configurações\";s:2:\"pt\";s:15:\"Configurações\";s:2:\"cs\";s:10:\"Nastavení\";s:2:\"da\";s:13:\"Indstillinger\";s:2:\"de\";s:13:\"Einstellungen\";s:2:\"el\";s:18:\"Ρυθμίσεις\";s:2:\"es\";s:15:\"Configuraciones\";s:2:\"fi\";s:9:\"Asetukset\";s:2:\"fr\";s:11:\"Paramètres\";s:2:\"he\";s:12:\"הגדרות\";s:2:\"id\";s:10:\"Pengaturan\";s:2:\"it\";s:12:\"Impostazioni\";s:2:\"lt\";s:10:\"Nustatymai\";s:2:\"nl\";s:12:\"Instellingen\";s:2:\"pl\";s:10:\"Ustawienia\";s:2:\"ru\";s:18:\"Настройки\";s:2:\"sl\";s:10:\"Nastavitve\";s:2:\"tw\";s:12:\"網站設定\";s:2:\"cn\";s:12:\"网站设定\";s:2:\"hu\";s:14:\"Beállítások\";s:2:\"th\";s:21:\"ตั้งค่า\";s:2:\"se\";s:14:\"Inställningar\";}','settings','1.0.0',NULL,'a:24:{s:2:\"en\";s:89:\"Allows administrators to update settings like Site Name, messages and email address, etc.\";s:2:\"ar\";s:161:\"تمكن المدراء من تحديث الإعدادات كإسم الموقع، والرسائل وعناوين البريد الإلكتروني، .. إلخ.\";s:2:\"br\";s:120:\"Permite com que administradores e a equipe consigam trocar as configurações do website incluindo o nome e descrição.\";s:2:\"pt\";s:113:\"Permite com que os administradores consigam alterar as configurações do website incluindo o nome e descrição.\";s:2:\"cs\";s:102:\"Umožňuje administrátorům měnit nastavení webu jako jeho jméno, zprávy a emailovou adresu apod.\";s:2:\"da\";s:90:\"Lader administratorer opdatere indstillinger som sidenavn, beskeder og email adresse, etc.\";s:2:\"de\";s:92:\"Erlaubt es Administratoren die Einstellungen der Seite wie Name und Beschreibung zu ändern.\";s:2:\"el\";s:230:\"Επιτρέπει στους διαχειριστές να τροποποιήσουν ρυθμίσεις όπως το Όνομα του Ιστοτόπου, τα μηνύματα και τις διευθύνσεις email, κ.α.\";s:2:\"es\";s:131:\"Permite a los administradores y al personal configurar los detalles del sitio como el nombre del sitio y la descripción del mismo.\";s:2:\"fi\";s:105:\"Mahdollistaa sivuston asetusten muokkaamisen, kuten sivuston nimen, viestit ja sähköpostiosoitteet yms.\";s:2:\"fr\";s:118:\"Permet aux admistrateurs de modifier les paramètres du site : nom du site, description, messages, adresse email, etc.\";s:2:\"he\";s:116:\"ניהול הגדרות שונות של האתר כגון: שם האתר, הודעות, כתובות דואר וכו\";s:2:\"id\";s:112:\"Memungkinkan administrator untuk dapat memperbaharui pengaturan seperti nama situs, pesan dan alamat email, dsb.\";s:2:\"it\";s:109:\"Permette agli amministratori di aggiornare impostazioni quali Nome del Sito, messaggi e indirizzo email, etc.\";s:2:\"lt\";s:104:\"Leidžia administratoriams keisti puslapio vavadinimą, žinutes, administratoriaus el. pašta ir kitą.\";s:2:\"nl\";s:114:\"Maakt het administratoren en medewerkers mogelijk om websiteinstellingen zoals naam en beschrijving te veranderen.\";s:2:\"pl\";s:103:\"Umożliwia administratorom zmianę ustawień strony jak nazwa strony, opis, e-mail administratora, itd.\";s:2:\"ru\";s:135:\"Управление настройками сайта - Имя сайта, сообщения, почтовые адреса и т.п.\";s:2:\"sl\";s:98:\"Dovoljuje administratorjem posodobitev nastavitev kot je Ime strani, sporočil, email naslova itd.\";s:2:\"tw\";s:99:\"網站管理者可更新的重要網站設定。例如：網站名稱、訊息、電子郵件等。\";s:2:\"cn\";s:99:\"网站管理者可更新的重要网站设定。例如：网站名称、讯息、电子邮件等。\";s:2:\"hu\";s:125:\"Lehetővé teszi az adminok számára a beállítások frissítését, mint a weboldal neve, üzenetek, e-mail címek, stb...\";s:2:\"th\";s:232:\"ให้ผู้ดูแลระบบสามารถปรับปรุงการตั้งค่าเช่นชื่อเว็บไซต์ ข้อความและอีเมล์เป็นต้น\";s:2:\"se\";s:84:\"Administratören kan uppdatera webbplatsens titel, meddelanden och E-postadress etc.\";}',1,0,1,'settings',1,1,1,1412694535),
	(2,'a:10:{s:2:\"en\";s:12:\"Streams Core\";s:2:\"pt\";s:14:\"Núcleo Fluxos\";s:2:\"fr\";s:10:\"Noyau Flux\";s:2:\"el\";s:23:\"Πυρήνας Ροών\";s:2:\"se\";s:18:\"Streams grundmodul\";s:2:\"tw\";s:14:\"Streams 核心\";s:2:\"cn\";s:14:\"Streams 核心\";s:2:\"ar\";s:31:\"الجداول الأساسية\";s:2:\"it\";s:12:\"Streams Core\";s:2:\"fi\";s:13:\"Striimit ydin\";}','streams_core','1.0.0',NULL,'a:10:{s:2:\"en\";s:29:\"Core data module for streams.\";s:2:\"pt\";s:37:\"Módulo central de dados para fluxos.\";s:2:\"fr\";s:32:\"Noyau de données pour les Flux.\";s:2:\"el\";s:113:\"Προγραμματιστικός πυρήνας για την λειτουργία ροών δεδομένων.\";s:2:\"se\";s:50:\"Streams grundmodul för enklare hantering av data.\";s:2:\"tw\";s:29:\"Streams 核心資料模組。\";s:2:\"cn\";s:29:\"Streams 核心资料模组。\";s:2:\"ar\";s:57:\"وحدة البيانات الأساسية للجداول\";s:2:\"it\";s:17:\"Core dello Stream\";s:2:\"fi\";s:48:\"Ydin datan hallinoiva moduuli striimejä varten.\";}',1,0,0,'0',1,1,1,1412694535),
	(3,'a:24:{s:2:\"en\";s:7:\"Add-ons\";s:2:\"ar\";s:16:\"الإضافات\";s:2:\"br\";s:12:\"Complementos\";s:2:\"pt\";s:12:\"Complementos\";s:2:\"cs\";s:8:\"Doplňky\";s:2:\"da\";s:7:\"Add-ons\";s:2:\"de\";s:13:\"Erweiterungen\";s:2:\"el\";s:16:\"Πρόσθετα\";s:2:\"es\";s:9:\"Agregados\";s:2:\"fi\";s:9:\"Lisäosat\";s:2:\"fr\";s:10:\"Extensions\";s:2:\"he\";s:12:\"תוספות\";s:2:\"id\";s:7:\"Pengaya\";s:2:\"it\";s:7:\"Add-ons\";s:2:\"lt\";s:7:\"Priedai\";s:2:\"nl\";s:7:\"Add-ons\";s:2:\"pl\";s:12:\"Rozszerzenia\";s:2:\"ru\";s:20:\"Дополнения\";s:2:\"sl\";s:11:\"Razširitve\";s:2:\"tw\";s:12:\"附加模組\";s:2:\"cn\";s:12:\"附加模组\";s:2:\"hu\";s:14:\"Bővítmények\";s:2:\"th\";s:27:\"ส่วนเสริม\";s:2:\"se\";s:8:\"Tillägg\";}','addons','2.0.0',NULL,'a:24:{s:2:\"en\";s:59:\"Allows admins to see a list of currently installed modules.\";s:2:\"ar\";s:91:\"تُمكّن المُدراء من معاينة جميع الوحدات المُثبّتة.\";s:2:\"br\";s:75:\"Permite aos administradores ver a lista dos módulos instalados atualmente.\";s:2:\"pt\";s:75:\"Permite aos administradores ver a lista dos módulos instalados atualmente.\";s:2:\"cs\";s:68:\"Umožňuje administrátorům vidět seznam nainstalovaných modulů.\";s:2:\"da\";s:63:\"Lader administratorer se en liste over de installerede moduler.\";s:2:\"de\";s:56:\"Zeigt Administratoren alle aktuell installierten Module.\";s:2:\"el\";s:152:\"Επιτρέπει στους διαχειριστές να προβάλουν μια λίστα των εγκατεστημένων πρόσθετων.\";s:2:\"es\";s:71:\"Permite a los administradores ver una lista de los módulos instalados.\";s:2:\"fi\";s:60:\"Listaa järjestelmänvalvojalle käytössä olevat moduulit.\";s:2:\"fr\";s:66:\"Permet aux administrateurs de voir la liste des modules installés\";s:2:\"he\";s:160:\"נותן אופציה למנהל לראות רשימה של המודולים אשר מותקנים כעת באתר או להתקין מודולים נוספים\";s:2:\"id\";s:57:\"Memperlihatkan kepada admin daftar modul yang terinstall.\";s:2:\"it\";s:83:\"Permette agli amministratori di vedere una lista dei moduli attualmente installati.\";s:2:\"lt\";s:75:\"Vartotojai ir svečiai gali komentuoti jūsų naujienas, puslapius ar foto.\";s:2:\"nl\";s:79:\"Stelt admins in staat om een overzicht van geinstalleerde modules te genereren.\";s:2:\"pl\";s:81:\"Umożliwiają administratorowi wgląd do listy obecnie zainstalowanych modułów.\";s:2:\"ru\";s:83:\"Список модулей, которые установлены на сайте.\";s:2:\"sl\";s:65:\"Dovoljuje administratorjem pregled trenutno nameščenih modulov.\";s:2:\"tw\";s:54:\"管理員可以檢視目前已經安裝模組的列表\";s:2:\"cn\";s:54:\"管理员可以检视目前已经安装模组的列表\";s:2:\"hu\";s:79:\"Lehetővé teszi az adminoknak, hogy lássák a telepített modulok listáját.\";s:2:\"th\";s:162:\"ช่วยให้ผู้ดูแลระบบดูรายการของโมดูลที่ติดตั้งในปัจจุบัน\";s:2:\"se\";s:67:\"Gör det möjligt för administratören att se installerade mouler.\";}',0,0,1,'0',1,1,1,1412694535),
	(4,'a:16:{s:2:\"en\";s:4:\"Blog\";s:2:\"ar\";s:16:\"المدوّنة\";s:2:\"br\";s:4:\"Blog\";s:2:\"pt\";s:4:\"Blog\";s:2:\"el\";s:18:\"Ιστολόγιο\";s:2:\"he\";s:8:\"בלוג\";s:2:\"id\";s:4:\"Blog\";s:2:\"lt\";s:6:\"Blogas\";s:2:\"pl\";s:4:\"Blog\";s:2:\"ru\";s:8:\"Блог\";s:2:\"tw\";s:6:\"文章\";s:2:\"cn\";s:6:\"文章\";s:2:\"hu\";s:4:\"Blog\";s:2:\"fi\";s:5:\"Blogi\";s:2:\"th\";s:15:\"บล็อก\";s:2:\"se\";s:5:\"Blogg\";}','blog','2.0.0',NULL,'a:24:{s:2:\"en\";s:18:\"Post blog entries.\";s:2:\"ar\";s:48:\"أنشر المقالات على مدوّنتك.\";s:2:\"br\";s:30:\"Escrever publicações de blog\";s:2:\"pt\";s:39:\"Escrever e editar publicações no blog\";s:2:\"cs\";s:49:\"Publikujte nové články a příspěvky na blog.\";s:2:\"da\";s:17:\"Skriv blogindlæg\";s:2:\"de\";s:47:\"Veröffentliche neue Artikel und Blog-Einträge\";s:2:\"sl\";s:23:\"Objavite blog prispevke\";s:2:\"fi\";s:28:\"Kirjoita blogi artikkeleita.\";s:2:\"el\";s:93:\"Δημιουργήστε άρθρα και εγγραφές στο ιστολόγιο σας.\";s:2:\"es\";s:54:\"Escribe entradas para los artículos y blog (web log).\";s:2:\"fr\";s:34:\"Poster des articles d\'actualités.\";s:2:\"he\";s:19:\"ניהול בלוג\";s:2:\"id\";s:15:\"Post entri blog\";s:2:\"it\";s:36:\"Pubblica notizie e post per il blog.\";s:2:\"lt\";s:40:\"Rašykite naujienas bei blog\'o įrašus.\";s:2:\"nl\";s:41:\"Post nieuwsartikelen en blogs op uw site.\";s:2:\"pl\";s:27:\"Dodawaj nowe wpisy na blogu\";s:2:\"ru\";s:49:\"Управление записями блога.\";s:2:\"tw\";s:42:\"發表新聞訊息、部落格等文章。\";s:2:\"cn\";s:42:\"发表新闻讯息、部落格等文章。\";s:2:\"th\";s:48:\"โพสต์รายการบล็อก\";s:2:\"hu\";s:32:\"Blog bejegyzések létrehozása.\";s:2:\"se\";s:18:\"Inlägg i bloggen.\";}',1,1,1,'content',1,1,1,1412694535),
	(5,'a:24:{s:2:\"en\";s:8:\"Comments\";s:2:\"ar\";s:18:\"التعليقات\";s:2:\"br\";s:12:\"Comentários\";s:2:\"pt\";s:12:\"Comentários\";s:2:\"cs\";s:11:\"Komentáře\";s:2:\"da\";s:11:\"Kommentarer\";s:2:\"de\";s:10:\"Kommentare\";s:2:\"el\";s:12:\"Σχόλια\";s:2:\"es\";s:11:\"Comentarios\";s:2:\"fi\";s:9:\"Kommentit\";s:2:\"fr\";s:12:\"Commentaires\";s:2:\"he\";s:12:\"תגובות\";s:2:\"id\";s:8:\"Komentar\";s:2:\"it\";s:8:\"Commenti\";s:2:\"lt\";s:10:\"Komentarai\";s:2:\"nl\";s:8:\"Reacties\";s:2:\"pl\";s:10:\"Komentarze\";s:2:\"ru\";s:22:\"Комментарии\";s:2:\"sl\";s:10:\"Komentarji\";s:2:\"tw\";s:6:\"回應\";s:2:\"cn\";s:6:\"回应\";s:2:\"hu\";s:16:\"Hozzászólások\";s:2:\"th\";s:33:\"ความคิดเห็น\";s:2:\"se\";s:11:\"Kommentarer\";}','comments','1.1.0',NULL,'a:24:{s:2:\"en\";s:76:\"Users and guests can write comments for content like blog, pages and photos.\";s:2:\"ar\";s:152:\"يستطيع الأعضاء والزوّار كتابة التعليقات على المُحتوى كالأخبار، والصفحات والصّوَر.\";s:2:\"br\";s:97:\"Usuários e convidados podem escrever comentários para quase tudo com suporte nativo ao captcha.\";s:2:\"pt\";s:100:\"Utilizadores e convidados podem escrever comentários para quase tudo com suporte nativo ao captcha.\";s:2:\"cs\";s:100:\"Uživatelé a hosté mohou psát komentáře k obsahu, např. neovinkám, stránkám a fotografiím.\";s:2:\"da\";s:83:\"Brugere og besøgende kan skrive kommentarer til indhold som blog, sider og fotoer.\";s:2:\"de\";s:65:\"Benutzer und Gäste können für fast alles Kommentare schreiben.\";s:2:\"el\";s:224:\"Οι χρήστες και οι επισκέπτες μπορούν να αφήνουν σχόλια για περιεχόμενο όπως το ιστολόγιο, τις σελίδες και τις φωτογραφίες.\";s:2:\"es\";s:130:\"Los usuarios y visitantes pueden escribir comentarios en casi todo el contenido con el soporte de un sistema de captcha incluído.\";s:2:\"fi\";s:107:\"Käyttäjät ja vieraat voivat kirjoittaa kommentteja eri sisältöihin kuten uutisiin, sivuihin ja kuviin.\";s:2:\"fr\";s:130:\"Les utilisateurs et les invités peuvent écrire des commentaires pour quasiment tout grâce au générateur de captcha intégré.\";s:2:\"he\";s:94:\"משתמשי האתר יכולים לרשום תגובות למאמרים, תמונות וכו\";s:2:\"id\";s:100:\"Pengguna dan pengunjung dapat menuliskan komentaruntuk setiap konten seperti blog, halaman dan foto.\";s:2:\"it\";s:85:\"Utenti e visitatori possono scrivere commenti ai contenuti quali blog, pagine e foto.\";s:2:\"lt\";s:75:\"Vartotojai ir svečiai gali komentuoti jūsų naujienas, puslapius ar foto.\";s:2:\"nl\";s:52:\"Gebruikers en gasten kunnen reageren op bijna alles.\";s:2:\"pl\";s:93:\"Użytkownicy i goście mogą dodawać komentarze z wbudowanym systemem zabezpieczeń captcha.\";s:2:\"ru\";s:187:\"Пользователи и гости могут добавлять комментарии к новостям, информационным страницам и фотографиям.\";s:2:\"sl\";s:89:\"Uporabniki in obiskovalci lahko vnesejo komentarje na vsebino kot je blok, stra ali slike\";s:2:\"tw\";s:75:\"用戶和訪客可以針對新聞、頁面與照片等內容發表回應。\";s:2:\"cn\";s:75:\"用户和访客可以针对新闻、页面与照片等内容发表回应。\";s:2:\"hu\";s:117:\"A felhasználók és a vendégek hozzászólásokat írhatnak a tartalomhoz (bejegyzésekhez, oldalakhoz, fotókhoz).\";s:2:\"th\";s:240:\"ผู้ใช้งานและผู้เยี่ยมชมสามารถเขียนความคิดเห็นในเนื้อหาของหน้าเว็บบล็อกและภาพถ่าย\";s:2:\"se\";s:98:\"Användare och besökare kan skriva kommentarer till innehåll som blogginlägg, sidor och bilder.\";}',0,0,1,'content',1,1,1,1412694535),
	(6,'a:24:{s:2:\"en\";s:7:\"Contact\";s:2:\"ar\";s:14:\"الإتصال\";s:2:\"br\";s:7:\"Contato\";s:2:\"pt\";s:8:\"Contacto\";s:2:\"cs\";s:7:\"Kontakt\";s:2:\"da\";s:7:\"Kontakt\";s:2:\"de\";s:7:\"Kontakt\";s:2:\"el\";s:22:\"Επικοινωνία\";s:2:\"es\";s:8:\"Contacto\";s:2:\"fi\";s:13:\"Ota yhteyttä\";s:2:\"fr\";s:7:\"Contact\";s:2:\"he\";s:17:\"יצירת קשר\";s:2:\"id\";s:6:\"Kontak\";s:2:\"it\";s:10:\"Contattaci\";s:2:\"lt\";s:18:\"Kontaktinė formą\";s:2:\"nl\";s:7:\"Contact\";s:2:\"pl\";s:7:\"Kontakt\";s:2:\"ru\";s:27:\"Обратная связь\";s:2:\"sl\";s:7:\"Kontakt\";s:2:\"tw\";s:12:\"聯絡我們\";s:2:\"cn\";s:12:\"联络我们\";s:2:\"hu\";s:9:\"Kapcsolat\";s:2:\"th\";s:18:\"ติดต่อ\";s:2:\"se\";s:7:\"Kontakt\";}','contact','1.0.0',NULL,'a:24:{s:2:\"en\";s:112:\"Adds a form to your site that allows visitors to send emails to you without disclosing an email address to them.\";s:2:\"ar\";s:157:\"إضافة استمارة إلى موقعك تُمكّن الزوّار من مراسلتك دون علمهم بعنوان البريد الإلكتروني.\";s:2:\"br\";s:139:\"Adiciona um formulário para o seu site permitir aos visitantes que enviem e-mails para voce sem divulgar um endereço de e-mail para eles.\";s:2:\"pt\";s:116:\"Adiciona um formulário ao seu site que permite aos visitantes enviarem e-mails sem divulgar um endereço de e-mail.\";s:2:\"cs\";s:149:\"Přidá na web kontaktní formulář pro návštěvníky a uživatele, díky kterému vás mohou kontaktovat i bez znalosti vaší e-mailové adresy.\";s:2:\"da\";s:123:\"Tilføjer en formular på din side som tillader besøgende at sende mails til dig, uden at du skal opgive din email-adresse\";s:2:\"de\";s:119:\"Fügt ein Formular hinzu, welches Besuchern erlaubt Emails zu schreiben, ohne die Kontakt Email-Adresse offen zu legen.\";s:2:\"el\";s:273:\"Προσθέτει μια φόρμα στον ιστότοπό σας που επιτρέπει σε επισκέπτες να σας στέλνουν μηνύμα μέσω email χωρίς να τους αποκαλύπτεται η διεύθυνση του email σας.\";s:2:\"es\";s:156:\"Añade un formulario a tu sitio que permitirá a los visitantes enviarte correos electrónicos a ti sin darles tu dirección de correo directamente a ellos.\";s:2:\"fi\";s:128:\"Luo lomakkeen sivustollesi, josta kävijät voivat lähettää sähköpostia tietämättä vastaanottajan sähköpostiosoitetta.\";s:2:\"fr\";s:122:\"Ajoute un formulaire à votre site qui permet aux visiteurs de vous envoyer un e-mail sans révéler votre adresse e-mail.\";s:2:\"he\";s:155:\"מוסיף תופס יצירת קשר לאתר על מנת לא לחסוף כתובת דואר האלקטרוני של האתר למנועי פרסומות\";s:2:\"id\";s:149:\"Menambahkan formulir ke dalam situs Anda yang memungkinkan pengunjung untuk mengirimkan email kepada Anda tanpa memberikan alamat email kepada mereka\";s:2:\"it\";s:119:\"Aggiunge un modulo al tuo sito che permette ai visitatori di inviarti email senza mostrare loro il tuo indirizzo email.\";s:2:\"lt\";s:124:\"Prideda jūsų puslapyje formą leidžianti lankytojams siūsti jums el. laiškus neatskleidžiant jūsų el. pašto adreso.\";s:2:\"nl\";s:125:\"Voegt een formulier aan de site toe waarmee bezoekers een email kunnen sturen, zonder dat u ze een emailadres hoeft te tonen.\";s:2:\"pl\";s:126:\"Dodaje formularz kontaktowy do Twojej strony, który pozwala użytkownikom wysłanie maila za pomocą formularza kontaktowego.\";s:2:\"ru\";s:234:\"Добавляет форму обратной связи на сайт, через которую посетители могут отправлять вам письма, при этом адрес Email остаётся скрыт.\";s:2:\"sl\";s:113:\"Dodaj obrazec za kontakt da vam lahko obiskovalci pošljejo sporočilo brez da bi jim razkrili vaš email naslov.\";s:2:\"tw\";s:147:\"為您的網站新增「聯絡我們」的功能，對訪客是較為清楚便捷的聯絡方式，也無須您將電子郵件公開在網站上。\";s:2:\"cn\";s:147:\"为您的网站新增“联络我们”的功能，对访客是较为清楚便捷的联络方式，也无须您将电子邮件公开在网站上。\";s:2:\"th\";s:316:\"เพิ่มแบบฟอร์มในเว็บไซต์ของคุณ ช่วยให้ผู้เยี่ยมชมสามารถส่งอีเมลถึงคุณโดยไม่ต้องเปิดเผยที่อยู่อีเมลของพวกเขา\";s:2:\"hu\";s:156:\"Létrehozható vele olyan űrlap, amely lehetővé teszi a látogatók számára, hogy e-mailt küldjenek neked úgy, hogy nem feded fel az e-mail címedet.\";s:2:\"se\";s:53:\"Lägger till ett kontaktformulär till din webbplats.\";}',0,0,0,'0',1,1,1,1412694535),
	(7,'a:23:{s:2:\"en\";s:5:\"Files\";s:2:\"ar\";s:16:\"الملفّات\";s:2:\"br\";s:8:\"Arquivos\";s:2:\"pt\";s:9:\"Ficheiros\";s:2:\"cs\";s:7:\"Soubory\";s:2:\"da\";s:5:\"Filer\";s:2:\"de\";s:7:\"Dateien\";s:2:\"el\";s:12:\"Αρχεία\";s:2:\"es\";s:8:\"Archivos\";s:2:\"fi\";s:9:\"Tiedostot\";s:2:\"fr\";s:8:\"Fichiers\";s:2:\"he\";s:10:\"קבצים\";s:2:\"id\";s:4:\"File\";s:2:\"it\";s:4:\"File\";s:2:\"lt\";s:6:\"Failai\";s:2:\"nl\";s:9:\"Bestanden\";s:2:\"ru\";s:10:\"Файлы\";s:2:\"sl\";s:8:\"Datoteke\";s:2:\"tw\";s:6:\"檔案\";s:2:\"cn\";s:6:\"档案\";s:2:\"hu\";s:7:\"Fájlok\";s:2:\"th\";s:12:\"ไฟล์\";s:2:\"se\";s:5:\"Filer\";}','files','2.0.0',NULL,'a:23:{s:2:\"en\";s:40:\"Manages files and folders for your site.\";s:2:\"ar\";s:50:\"إدارة ملفات ومجلّدات موقعك.\";s:2:\"br\";s:53:\"Permite gerenciar facilmente os arquivos de seu site.\";s:2:\"pt\";s:59:\"Permite gerir facilmente os ficheiros e pastas do seu site.\";s:2:\"cs\";s:43:\"Spravujte soubory a složky na vašem webu.\";s:2:\"da\";s:41:\"Administrer filer og mapper for dit site.\";s:2:\"de\";s:35:\"Verwalte Dateien und Verzeichnisse.\";s:2:\"el\";s:100:\"Διαχειρίζεται αρχεία και φακέλους για το ιστότοπό σας.\";s:2:\"es\";s:43:\"Administra archivos y carpetas en tu sitio.\";s:2:\"fi\";s:43:\"Hallitse sivustosi tiedostoja ja kansioita.\";s:2:\"fr\";s:46:\"Gérer les fichiers et dossiers de votre site.\";s:2:\"he\";s:47:\"ניהול תיקיות וקבצים שבאתר\";s:2:\"id\";s:42:\"Mengatur file dan folder dalam situs Anda.\";s:2:\"it\";s:38:\"Gestisci file e cartelle del tuo sito.\";s:2:\"lt\";s:28:\"Katalogų ir bylų valdymas.\";s:2:\"nl\";s:41:\"Beheer bestanden en mappen op uw website.\";s:2:\"ru\";s:78:\"Управление файлами и папками вашего сайта.\";s:2:\"sl\";s:38:\"Uredi datoteke in mape na vaši strani\";s:2:\"tw\";s:33:\"管理網站中的檔案與目錄\";s:2:\"cn\";s:33:\"管理网站中的档案与目录\";s:2:\"hu\";s:41:\"Fájlok és mappák kezelése az oldalon.\";s:2:\"th\";s:141:\"บริหารจัดการไฟล์และโฟลเดอร์สำหรับเว็บไซต์ของคุณ\";s:2:\"se\";s:45:\"Hanterar filer och mappar för din webbplats.\";}',0,0,1,'content',1,1,1,1412694535),
	(8,'a:23:{s:2:\"en\";s:6:\"Groups\";s:2:\"ar\";s:18:\"المجموعات\";s:2:\"br\";s:6:\"Grupos\";s:2:\"pt\";s:6:\"Grupos\";s:2:\"cs\";s:7:\"Skupiny\";s:2:\"da\";s:7:\"Grupper\";s:2:\"de\";s:7:\"Gruppen\";s:2:\"el\";s:12:\"Ομάδες\";s:2:\"es\";s:6:\"Grupos\";s:2:\"fi\";s:7:\"Ryhmät\";s:2:\"fr\";s:7:\"Groupes\";s:2:\"he\";s:12:\"קבוצות\";s:2:\"id\";s:4:\"Grup\";s:2:\"it\";s:6:\"Gruppi\";s:2:\"lt\";s:7:\"Grupės\";s:2:\"nl\";s:7:\"Groepen\";s:2:\"ru\";s:12:\"Группы\";s:2:\"sl\";s:7:\"Skupine\";s:2:\"tw\";s:6:\"群組\";s:2:\"cn\";s:6:\"群组\";s:2:\"hu\";s:9:\"Csoportok\";s:2:\"th\";s:15:\"กลุ่ม\";s:2:\"se\";s:7:\"Grupper\";}','groups','1.0.0',NULL,'a:23:{s:2:\"en\";s:54:\"Users can be placed into groups to manage permissions.\";s:2:\"ar\";s:100:\"يمكن وضع المستخدمين في مجموعات لتسهيل إدارة صلاحياتهم.\";s:2:\"br\";s:72:\"Usuários podem ser inseridos em grupos para gerenciar suas permissões.\";s:2:\"pt\";s:74:\"Utilizadores podem ser inseridos em grupos para gerir as suas permissões.\";s:2:\"cs\";s:77:\"Uživatelé mohou být rozřazeni do skupin pro lepší správu oprávnění.\";s:2:\"da\";s:49:\"Brugere kan inddeles i grupper for adgangskontrol\";s:2:\"de\";s:85:\"Benutzer können zu Gruppen zusammengefasst werden um diesen Zugriffsrechte zu geben.\";s:2:\"el\";s:168:\"Οι χρήστες μπορούν να τοποθετηθούν σε ομάδες και έτσι να διαχειριστείτε τα δικαιώματά τους.\";s:2:\"es\";s:75:\"Los usuarios podrán ser colocados en grupos para administrar sus permisos.\";s:2:\"fi\";s:84:\"Käyttäjät voidaan liittää ryhmiin, jotta käyttöoikeuksia voidaan hallinnoida.\";s:2:\"fr\";s:82:\"Les utilisateurs peuvent appartenir à des groupes afin de gérer les permissions.\";s:2:\"he\";s:62:\"נותן אפשרות לאסוף משתמשים לקבוצות\";s:2:\"id\";s:68:\"Pengguna dapat dikelompokkan ke dalam grup untuk mengatur perizinan.\";s:2:\"it\";s:69:\"Gli utenti possono essere inseriti in gruppi per gestirne i permessi.\";s:2:\"lt\";s:67:\"Vartotojai gali būti priskirti grupei tam, kad valdyti jų teises.\";s:2:\"nl\";s:73:\"Gebruikers kunnen in groepen geplaatst worden om rechten te kunnen geven.\";s:2:\"ru\";s:134:\"Пользователей можно объединять в группы, для управления правами доступа.\";s:2:\"sl\";s:64:\"Uporabniki so lahko razvrščeni v skupine za urejanje dovoljenj\";s:2:\"tw\";s:45:\"用戶可以依群組分類並管理其權限\";s:2:\"cn\";s:45:\"用户可以依群组分类并管理其权限\";s:2:\"hu\";s:73:\"A felhasználók csoportokba rendezhetőek a jogosultságok kezelésére.\";s:2:\"th\";s:84:\"สามารถวางผู้ใช้ลงในกลุ่มเพื่\";s:2:\"se\";s:76:\"Användare kan delas in i grupper för att hantera roller och behörigheter.\";}',0,0,1,'users',1,1,1,1412694535),
	(9,'a:16:{s:2:\"en\";s:8:\"Keywords\";s:2:\"ar\";s:21:\"كلمات البحث\";s:2:\"br\";s:14:\"Palavras-chave\";s:2:\"pt\";s:14:\"Palavras-chave\";s:2:\"da\";s:9:\"Nøgleord\";s:2:\"el\";s:27:\"Λέξεις Κλειδιά\";s:2:\"fr\";s:10:\"Mots-Clés\";s:2:\"id\";s:10:\"Kata Kunci\";s:2:\"nl\";s:14:\"Sleutelwoorden\";s:2:\"tw\";s:6:\"鍵詞\";s:2:\"cn\";s:6:\"键词\";s:2:\"hu\";s:11:\"Kulcsszavak\";s:2:\"fi\";s:10:\"Avainsanat\";s:2:\"sl\";s:15:\"Ključne besede\";s:2:\"th\";s:15:\"คำค้น\";s:2:\"se\";s:9:\"Nyckelord\";}','keywords','1.1.0',NULL,'a:16:{s:2:\"en\";s:71:\"Maintain a central list of keywords to label and organize your content.\";s:2:\"ar\";s:124:\"أنشئ مجموعة من كلمات البحث التي تستطيع من خلالها وسم وتنظيم المحتوى.\";s:2:\"br\";s:85:\"Mantém uma lista central de palavras-chave para rotular e organizar o seu conteúdo.\";s:2:\"pt\";s:85:\"Mantém uma lista central de palavras-chave para rotular e organizar o seu conteúdo.\";s:2:\"da\";s:72:\"Vedligehold en central liste af nøgleord for at organisere dit indhold.\";s:2:\"el\";s:181:\"Συντηρεί μια κεντρική λίστα από λέξεις κλειδιά για να οργανώνετε μέσω ετικετών το περιεχόμενό σας.\";s:2:\"fr\";s:87:\"Maintenir une liste centralisée de Mots-Clés pour libeller et organiser vos contenus.\";s:2:\"id\";s:71:\"Memantau daftar kata kunci untuk melabeli dan mengorganisasikan konten.\";s:2:\"nl\";s:91:\"Beheer een centrale lijst van sleutelwoorden om uw content te categoriseren en organiseren.\";s:2:\"tw\";s:64:\"集中管理可用於標題與內容的鍵詞(keywords)列表。\";s:2:\"cn\";s:64:\"集中管理可用于标题与内容的键词(keywords)列表。\";s:2:\"hu\";s:65:\"Ez egy központi kulcsszó lista a cimkékhez és a tartalmakhoz.\";s:2:\"fi\";s:92:\"Hallinnoi keskitettyä listaa avainsanoista merkitäksesi ja järjestelläksesi sisältöä.\";s:2:\"sl\";s:82:\"Vzdržuj centralni seznam ključnih besed za označevanje in ogranizacijo vsebine.\";s:2:\"th\";s:189:\"ศูนย์กลางการปรับปรุงคำค้นในการติดฉลากและจัดระเบียบเนื้อหาของคุณ\";s:2:\"se\";s:61:\"Hantera nyckelord för att organisera webbplatsens innehåll.\";}',0,0,1,'data',1,1,1,1412694535),
	(10,'a:14:{s:2:\"en\";s:11:\"Maintenance\";s:2:\"pt\";s:12:\"Manutenção\";s:2:\"ar\";s:14:\"الصيانة\";s:2:\"el\";s:18:\"Συντήρηση\";s:2:\"hu\";s:13:\"Karbantartás\";s:2:\"fi\";s:9:\"Ylläpito\";s:2:\"fr\";s:11:\"Maintenance\";s:2:\"id\";s:12:\"Pemeliharaan\";s:2:\"it\";s:12:\"Manutenzione\";s:2:\"se\";s:10:\"Underhåll\";s:2:\"sl\";s:12:\"Vzdrževanje\";s:2:\"th\";s:39:\"การบำรุงรักษา\";s:2:\"tw\";s:6:\"維護\";s:2:\"cn\";s:6:\"维护\";}','maintenance','1.0.0',NULL,'a:14:{s:2:\"en\";s:63:\"Manage the site cache and export information from the database.\";s:2:\"pt\";s:68:\"Gerir o cache do seu site e exportar informações da base de dados.\";s:2:\"ar\";s:81:\"حذف عناصر الذاكرة المخبأة عبر واجهة الإدارة.\";s:2:\"el\";s:142:\"Διαγραφή αντικειμένων προσωρινής αποθήκευσης μέσω της περιοχής διαχείρισης.\";s:2:\"id\";s:60:\"Mengatur cache situs dan mengexport informasi dari database.\";s:2:\"it\";s:65:\"Gestisci la cache del sito e esporta le informazioni dal database\";s:2:\"fr\";s:71:\"Gérer le cache du site et exporter les contenus de la base de données\";s:2:\"fi\";s:59:\"Hallinoi sivuston välimuistia ja vie tietoa tietokannasta.\";s:2:\"hu\";s:66:\"Az oldal gyorsítótár kezelése és az adatbázis exportálása.\";s:2:\"se\";s:76:\"Underhåll webbplatsens cache och exportera data från webbplatsens databas.\";s:2:\"sl\";s:69:\"Upravljaj s predpomnilnikom strani (cache) in izvozi podatke iz baze.\";s:2:\"th\";s:150:\"การจัดการแคชเว็บไซต์และข้อมูลการส่งออกจากฐานข้อมูล\";s:2:\"tw\";s:45:\"經由管理介面手動刪除暫存資料。\";s:2:\"cn\";s:45:\"经由管理介面手动删除暂存资料。\";}',0,0,1,'data',1,1,1,1412694535),
	(11,'a:24:{s:2:\"en\";s:10:\"Navigation\";s:2:\"ar\";s:14:\"الروابط\";s:2:\"br\";s:11:\"Navegação\";s:2:\"pt\";s:11:\"Navegação\";s:2:\"cs\";s:8:\"Navigace\";s:2:\"da\";s:10:\"Navigation\";s:2:\"de\";s:10:\"Navigation\";s:2:\"el\";s:16:\"Πλοήγηση\";s:2:\"es\";s:11:\"Navegación\";s:2:\"fi\";s:10:\"Navigointi\";s:2:\"fr\";s:10:\"Navigation\";s:2:\"he\";s:10:\"ניווט\";s:2:\"id\";s:8:\"Navigasi\";s:2:\"it\";s:11:\"Navigazione\";s:2:\"lt\";s:10:\"Navigacija\";s:2:\"nl\";s:9:\"Navigatie\";s:2:\"pl\";s:9:\"Nawigacja\";s:2:\"ru\";s:18:\"Навигация\";s:2:\"sl\";s:10:\"Navigacija\";s:2:\"tw\";s:12:\"導航選單\";s:2:\"cn\";s:12:\"导航选单\";s:2:\"th\";s:36:\"ตัวช่วยนำทาง\";s:2:\"hu\";s:11:\"Navigáció\";s:2:\"se\";s:10:\"Navigation\";}','navigation','1.1.0',NULL,'a:24:{s:2:\"en\";s:78:\"Manage links on navigation menus and all the navigation groups they belong to.\";s:2:\"ar\";s:85:\"إدارة روابط وقوائم ومجموعات الروابط في الموقع.\";s:2:\"br\";s:91:\"Gerenciar links do menu de navegação e todos os grupos de navegação pertencentes a ele.\";s:2:\"pt\";s:93:\"Gerir todos os grupos dos menus de navegação e os links de navegação pertencentes a eles.\";s:2:\"cs\";s:73:\"Správa odkazů v navigaci a všech souvisejících navigačních skupin.\";s:2:\"da\";s:82:\"Håndtér links på navigationsmenuerne og alle navigationsgrupperne de tilhører.\";s:2:\"de\";s:76:\"Verwalte Links in Navigationsmenüs und alle zugehörigen Navigationsgruppen\";s:2:\"el\";s:207:\"Διαχειριστείτε τους συνδέσμους στα μενού πλοήγησης και όλες τις ομάδες συνδέσμων πλοήγησης στις οποίες ανήκουν.\";s:2:\"es\";s:102:\"Administra links en los menús de navegación y en todos los grupos de navegación al cual pertenecen.\";s:2:\"fi\";s:91:\"Hallitse linkkejä navigointi valikoissa ja kaikkia navigointi ryhmiä, joihin ne kuuluvat.\";s:2:\"fr\";s:97:\"Gérer les liens du menu Navigation et tous les groupes de navigation auxquels ils appartiennent.\";s:2:\"he\";s:73:\"ניהול שלוחות תפריטי ניווט וקבוצות ניווט\";s:2:\"id\";s:73:\"Mengatur tautan pada menu navigasi dan semua pengelompokan grup navigasi.\";s:2:\"it\";s:97:\"Gestisci i collegamenti dei menu di navigazione e tutti i gruppi di navigazione da cui dipendono.\";s:2:\"lt\";s:95:\"Tvarkyk nuorodas navigacijų menių ir visas navigacijų grupes kurioms tos nuorodos priklauso.\";s:2:\"nl\";s:92:\"Beheer koppelingen op de navigatiemenu&apos;s en alle navigatiegroepen waar ze onder vallen.\";s:2:\"pl\";s:95:\"Zarządzaj linkami w menu nawigacji oraz wszystkimi grupami nawigacji do których one należą.\";s:2:\"ru\";s:136:\"Управление ссылками в меню навигации и группах, к которым они принадлежат.\";s:2:\"sl\";s:64:\"Uredi povezave v meniju in vse skupine povezav ki jim pripadajo.\";s:2:\"tw\";s:72:\"管理導航選單中的連結，以及它們所隸屬的導航群組。\";s:2:\"cn\";s:72:\"管理导航选单中的连结，以及它们所隶属的导航群组。\";s:2:\"th\";s:108:\"จัดการการเชื่อมโยงนำทางและกลุ่มนำทาง\";s:2:\"se\";s:33:\"Hantera länkar och länkgrupper.\";s:2:\"hu\";s:100:\"Linkek kezelése a navigációs menükben és a navigációs csoportok kezelése, amikhez tartoznak.\";}',0,0,1,'structure',1,1,1,1412694535),
	(12,'a:24:{s:2:\"en\";s:5:\"Pages\";s:2:\"ar\";s:14:\"الصفحات\";s:2:\"br\";s:8:\"Páginas\";s:2:\"pt\";s:8:\"Páginas\";s:2:\"cs\";s:8:\"Stránky\";s:2:\"da\";s:5:\"Sider\";s:2:\"de\";s:6:\"Seiten\";s:2:\"el\";s:14:\"Σελίδες\";s:2:\"es\";s:8:\"Páginas\";s:2:\"fi\";s:5:\"Sivut\";s:2:\"fr\";s:5:\"Pages\";s:2:\"he\";s:8:\"דפים\";s:2:\"id\";s:7:\"Halaman\";s:2:\"it\";s:6:\"Pagine\";s:2:\"lt\";s:9:\"Puslapiai\";s:2:\"nl\";s:13:\"Pagina&apos;s\";s:2:\"pl\";s:6:\"Strony\";s:2:\"ru\";s:16:\"Страницы\";s:2:\"sl\";s:6:\"Strani\";s:2:\"tw\";s:6:\"頁面\";s:2:\"cn\";s:6:\"页面\";s:2:\"hu\";s:7:\"Oldalak\";s:2:\"th\";s:21:\"หน้าเพจ\";s:2:\"se\";s:5:\"Sidor\";}','pages','2.2.0',NULL,'a:24:{s:2:\"en\";s:55:\"Add custom pages to the site with any content you want.\";s:2:\"ar\";s:99:\"إضافة صفحات مُخصّصة إلى الموقع تحتوي أية مُحتوى تريده.\";s:2:\"br\";s:82:\"Adicionar páginas personalizadas ao site com qualquer conteúdo que você queira.\";s:2:\"pt\";s:86:\"Adicionar páginas personalizadas ao seu site com qualquer conteúdo que você queira.\";s:2:\"cs\";s:74:\"Přidávejte vlastní stránky na web s jakýmkoliv obsahem budete chtít.\";s:2:\"da\";s:71:\"Tilføj brugerdefinerede sider til dit site med det indhold du ønsker.\";s:2:\"de\";s:49:\"Füge eigene Seiten mit anpassbaren Inhalt hinzu.\";s:2:\"el\";s:152:\"Προσθέστε και επεξεργαστείτε σελίδες στον ιστότοπό σας με ό,τι περιεχόμενο θέλετε.\";s:2:\"es\";s:77:\"Agrega páginas customizadas al sitio con cualquier contenido que tu quieras.\";s:2:\"fi\";s:47:\"Lisää mitä tahansa sisältöä sivustollesi.\";s:2:\"fr\";s:89:\"Permet d\'ajouter sur le site des pages personalisées avec le contenu que vous souhaitez.\";s:2:\"he\";s:35:\"ניהול דפי תוכן האתר\";s:2:\"id\";s:75:\"Menambahkan halaman ke dalam situs dengan konten apapun yang Anda perlukan.\";s:2:\"it\";s:73:\"Aggiungi pagine personalizzate al sito con qualsiesi contenuto tu voglia.\";s:2:\"lt\";s:46:\"Pridėkite nuosavus puslapius betkokio turinio\";s:2:\"nl\";s:70:\"Voeg aangepaste pagina&apos;s met willekeurige inhoud aan de site toe.\";s:2:\"pl\";s:53:\"Dodaj własne strony z dowolną treścią do witryny.\";s:2:\"ru\";s:134:\"Управление информационными страницами сайта, с произвольным содержимым.\";s:2:\"sl\";s:44:\"Dodaj stran s kakršno koli vsebino želite.\";s:2:\"tw\";s:39:\"為您的網站新增自定的頁面。\";s:2:\"cn\";s:39:\"为您的网站新增自定的页面。\";s:2:\"th\";s:168:\"เพิ่มหน้าเว็บที่กำหนดเองไปยังเว็บไซต์ของคุณตามที่ต้องการ\";s:2:\"hu\";s:67:\"Saját oldalak hozzáadása a weboldalhoz, akármilyen tartalommal.\";s:2:\"se\";s:39:\"Lägg till egna sidor till webbplatsen.\";}',1,1,1,'content',1,1,1,1412694535),
	(13,'a:24:{s:2:\"en\";s:11:\"Permissions\";s:2:\"ar\";s:18:\"الصلاحيات\";s:2:\"br\";s:11:\"Permissões\";s:2:\"pt\";s:11:\"Permissões\";s:2:\"cs\";s:12:\"Oprávnění\";s:2:\"da\";s:14:\"Adgangskontrol\";s:2:\"de\";s:14:\"Zugriffsrechte\";s:2:\"el\";s:20:\"Δικαιώματα\";s:2:\"es\";s:8:\"Permisos\";s:2:\"fi\";s:16:\"Käyttöoikeudet\";s:2:\"fr\";s:11:\"Permissions\";s:2:\"he\";s:12:\"הרשאות\";s:2:\"id\";s:9:\"Perizinan\";s:2:\"it\";s:8:\"Permessi\";s:2:\"lt\";s:7:\"Teisės\";s:2:\"nl\";s:15:\"Toegangsrechten\";s:2:\"pl\";s:11:\"Uprawnienia\";s:2:\"ru\";s:25:\"Права доступа\";s:2:\"sl\";s:10:\"Dovoljenja\";s:2:\"tw\";s:6:\"權限\";s:2:\"cn\";s:6:\"权限\";s:2:\"hu\";s:14:\"Jogosultságok\";s:2:\"th\";s:18:\"สิทธิ์\";s:2:\"se\";s:13:\"Behörigheter\";}','permissions','1.0.0',NULL,'a:24:{s:2:\"en\";s:68:\"Control what type of users can see certain sections within the site.\";s:2:\"ar\";s:127:\"التحكم بإعطاء الصلاحيات للمستخدمين للوصول إلى أقسام الموقع المختلفة.\";s:2:\"br\";s:68:\"Controle quais tipos de usuários podem ver certas seções no site.\";s:2:\"pt\";s:75:\"Controle quais os tipos de utilizadores podem ver certas secções no site.\";s:2:\"cs\";s:93:\"Spravujte oprávnění pro jednotlivé typy uživatelů a ke kterým sekcím mají přístup.\";s:2:\"da\";s:72:\"Kontroller hvilken type brugere der kan se bestemte sektioner på sitet.\";s:2:\"de\";s:70:\"Regelt welche Art von Benutzer welche Sektion in der Seite sehen kann.\";s:2:\"el\";s:180:\"Ελέγξτε τα δικαιώματα χρηστών και ομάδων χρηστών όσο αφορά σε διάφορες λειτουργίες του ιστοτόπου.\";s:2:\"es\";s:81:\"Controla que tipo de usuarios pueden ver secciones específicas dentro del sitio.\";s:2:\"fi\";s:72:\"Hallitse minkä tyyppisiin osioihin käyttäjät pääsevät sivustolla.\";s:2:\"fr\";s:104:\"Permet de définir les autorisations des groupes d\'utilisateurs pour afficher les différentes sections.\";s:2:\"he\";s:75:\"ניהול הרשאות כניסה לאיזורים מסוימים באתר\";s:2:\"id\";s:76:\"Mengontrol tipe pengguna mana yang dapat mengakses suatu bagian dalam situs.\";s:2:\"it\";s:78:\"Controlla che tipo di utenti posssono accedere a determinate sezioni del sito.\";s:2:\"lt\";s:72:\"Kontroliuokite kokio tipo varotojai kokią dalį puslapio gali pasiekti.\";s:2:\"nl\";s:71:\"Bepaal welke typen gebruikers toegang hebben tot gedeeltes van de site.\";s:2:\"pl\";s:79:\"Ustaw, którzy użytkownicy mogą mieć dostęp do odpowiednich sekcji witryny.\";s:2:\"ru\";s:209:\"Управление правами доступа, ограничение доступа определённых групп пользователей к произвольным разделам сайта.\";s:2:\"sl\";s:85:\"Uredite dovoljenja kateri tip uporabnika lahko vidi določena področja vaše strani.\";s:2:\"tw\";s:81:\"用來控制不同類別的用戶，設定其瀏覽特定網站內容的權限。\";s:2:\"cn\";s:81:\"用来控制不同类别的用户，设定其浏览特定网站内容的权限。\";s:2:\"hu\";s:129:\"A felhasználók felügyelet alatt tartására, hogy milyen típusú felhasználók, mit láthatnak, mely szakaszain az oldalnak.\";s:2:\"th\";s:117:\"ควบคุมว่าผู้ใช้งานจะเห็นหมวดหมู่ไหนบ้าง\";s:2:\"se\";s:27:\"Hantera gruppbehörigheter.\";}',0,0,1,'users',1,1,1,1412694535),
	(14,'a:23:{s:2:\"en\";s:9:\"Redirects\";s:2:\"ar\";s:18:\"التوجيهات\";s:2:\"br\";s:17:\"Redirecionamentos\";s:2:\"pt\";s:17:\"Redirecionamentos\";s:2:\"cs\";s:16:\"Přesměrování\";s:2:\"da\";s:13:\"Omadressering\";s:2:\"el\";s:30:\"Ανακατευθύνσεις\";s:2:\"es\";s:13:\"Redirecciones\";s:2:\"fi\";s:18:\"Uudelleenohjaukset\";s:2:\"fr\";s:12:\"Redirections\";s:2:\"he\";s:12:\"הפניות\";s:2:\"id\";s:8:\"Redirect\";s:2:\"it\";s:11:\"Reindirizzi\";s:2:\"lt\";s:14:\"Peradresavimai\";s:2:\"nl\";s:12:\"Verwijzingen\";s:2:\"ru\";s:30:\"Перенаправления\";s:2:\"sl\";s:12:\"Preusmeritve\";s:2:\"tw\";s:6:\"轉址\";s:2:\"cn\";s:6:\"转址\";s:2:\"hu\";s:17:\"Átirányítások\";s:2:\"pl\";s:14:\"Przekierowania\";s:2:\"th\";s:42:\"เปลี่ยนเส้นทาง\";s:2:\"se\";s:14:\"Omdirigeringar\";}','redirects','1.0.0',NULL,'a:23:{s:2:\"en\";s:33:\"Redirect from one URL to another.\";s:2:\"ar\";s:47:\"التوجيه من رابط URL إلى آخر.\";s:2:\"br\";s:39:\"Redirecionamento de uma URL para outra.\";s:2:\"pt\";s:40:\"Redirecionamentos de uma URL para outra.\";s:2:\"cs\";s:43:\"Přesměrujte z jedné adresy URL na jinou.\";s:2:\"da\";s:35:\"Omadresser fra en URL til en anden.\";s:2:\"el\";s:81:\"Ανακατευθείνετε μια διεύθυνση URL σε μια άλλη\";s:2:\"es\";s:34:\"Redireccionar desde una URL a otra\";s:2:\"fi\";s:45:\"Uudelleenohjaa käyttäjän paikasta toiseen.\";s:2:\"fr\";s:34:\"Redirection d\'une URL à un autre.\";s:2:\"he\";s:43:\"הפניות מכתובת אחת לאחרת\";s:2:\"id\";s:40:\"Redirect dari satu URL ke URL yang lain.\";s:2:\"it\";s:35:\"Reindirizza da una URL ad un altra.\";s:2:\"lt\";s:56:\"Peradresuokite puslapį iš vieno adreso (URL) į kitą.\";s:2:\"nl\";s:38:\"Verwijs vanaf een URL naar een andere.\";s:2:\"ru\";s:78:\"Перенаправления с одного адреса на другой.\";s:2:\"sl\";s:44:\"Preusmeritev iz enega URL naslova na drugega\";s:2:\"tw\";s:33:\"將網址轉址、重新定向。\";s:2:\"cn\";s:33:\"将网址转址、重新定向。\";s:2:\"hu\";s:38:\"Egy URL átirányítása egy másikra.\";s:2:\"pl\";s:44:\"Przekierowanie z jednego adresu URL na inny.\";s:2:\"th\";s:123:\"เปลี่ยนเส้นทางจากที่หนึ่งไปยังอีกที่หนึ่ง\";s:2:\"se\";s:38:\"Omdirigera från en URL till en annan.\";}',0,0,1,'structure',1,1,1,1412694535),
	(15,'a:8:{s:2:\"en\";s:6:\"Search\";s:2:\"fr\";s:9:\"Recherche\";s:2:\"se\";s:4:\"Sök\";s:2:\"ar\";s:10:\"البحث\";s:2:\"tw\";s:6:\"搜尋\";s:2:\"cn\";s:6:\"搜寻\";s:2:\"it\";s:7:\"Ricerca\";s:2:\"fi\";s:4:\"Etsi\";}','search','1.0.0',NULL,'a:8:{s:2:\"en\";s:72:\"Search through various types of content with this modular search system.\";s:2:\"fr\";s:84:\"Rechercher parmi différents types de contenus avec système de recherche modulaire.\";s:2:\"se\";s:36:\"Sök igenom olika typer av innehåll\";s:2:\"ar\";s:102:\"ابحث في أنواع مختلفة من المحتوى باستخدام نظام البحث هذا.\";s:2:\"tw\";s:63:\"此模組可用以搜尋網站中不同類型的資料內容。\";s:2:\"cn\";s:63:\"此模组可用以搜寻网站中不同类型的资料内容。\";s:2:\"it\";s:71:\"Cerca tra diversi tipi di contenuti con il sistema di reicerca modulare\";s:2:\"fi\";s:76:\"Etsi eri tyypistä sisältöä tällä modulaarisella hakujärjestelmällä.\";}',0,0,0,'0',1,1,1,1412694535),
	(16,'a:19:{s:2:\"en\";s:7:\"Sitemap\";s:2:\"ar\";s:23:\"خريطة الموقع\";s:2:\"br\";s:12:\"Mapa do Site\";s:2:\"pt\";s:12:\"Mapa do Site\";s:2:\"de\";s:7:\"Sitemap\";s:2:\"el\";s:31:\"Χάρτης Ιστότοπου\";s:2:\"es\";s:14:\"Mapa del Sitio\";s:2:\"fi\";s:10:\"Sivukartta\";s:2:\"fr\";s:12:\"Plan du site\";s:2:\"id\";s:10:\"Peta Situs\";s:2:\"it\";s:14:\"Mappa del sito\";s:2:\"lt\";s:16:\"Svetainės medis\";s:2:\"nl\";s:7:\"Sitemap\";s:2:\"ru\";s:21:\"Карта сайта\";s:2:\"tw\";s:12:\"網站地圖\";s:2:\"cn\";s:12:\"网站地图\";s:2:\"th\";s:21:\"ไซต์แมพ\";s:2:\"hu\";s:13:\"Oldaltérkép\";s:2:\"se\";s:9:\"Sajtkarta\";}','sitemap','1.3.0',NULL,'a:20:{s:2:\"en\";s:87:\"The sitemap module creates an index of all pages and an XML sitemap for search engines.\";s:2:\"ar\";s:120:\"وحدة خريطة الموقع تنشئ فهرساً لجميع الصفحات وملف XML لمحركات البحث.\";s:2:\"br\";s:102:\"O módulo de mapa do site cria um índice de todas as páginas e um sitemap XML para motores de busca.\";s:2:\"pt\";s:102:\"O módulo do mapa do site cria um índice de todas as páginas e um sitemap XML para motores de busca.\";s:2:\"da\";s:86:\"Sitemapmodulet opretter et indeks over alle sider og et XML sitemap til søgemaskiner.\";s:2:\"de\";s:92:\"Die Sitemap Modul erstellt einen Index aller Seiten und eine XML-Sitemap für Suchmaschinen.\";s:2:\"el\";s:190:\"Δημιουργεί έναν κατάλογο όλων των σελίδων και έναν χάρτη σελίδων σε μορφή XML για τις μηχανές αναζήτησης.\";s:2:\"es\";s:111:\"El módulo de mapa crea un índice de todas las páginas y un mapa del sitio XML para los motores de búsqueda.\";s:2:\"fi\";s:82:\"sivukartta moduuli luo hakemisto kaikista sivuista ja XML sivukartta hakukoneille.\";s:2:\"fr\";s:106:\"Le module sitemap crée un index de toutes les pages et un plan de site XML pour les moteurs de recherche.\";s:2:\"id\";s:110:\"Modul peta situs ini membuat indeks dari setiap halaman dan sebuah format XML untuk mempermudah mesin pencari.\";s:2:\"it\";s:104:\"Il modulo mappa del sito crea un indice di tutte le pagine e una sitemap in XML per i motori di ricerca.\";s:2:\"lt\";s:86:\"struktūra modulis sukuria visų puslapių ir XML Sitemap paieškos sistemų indeksas.\";s:2:\"nl\";s:89:\"De sitemap module maakt een index van alle pagina\'s en een XML sitemap voor zoekmachines.\";s:2:\"ru\";s:144:\"Карта модуль создает индекс всех страниц и карта сайта XML для поисковых систем.\";s:2:\"tw\";s:84:\"站點地圖模塊創建一個索引的所有網頁和XML網站地圖搜索引擎。\";s:2:\"cn\";s:84:\"站点地图模块创建一个索引的所有网页和XML网站地图搜索引擎。\";s:2:\"th\";s:202:\"โมดูลไซต์แมพสามารถสร้างดัชนีของหน้าเว็บทั้งหมดสำหรับเครื่องมือค้นหา.\";s:2:\"hu\";s:94:\"Ez a modul indexeli az összes oldalt és egy XML oldaltéképet generál a keresőmotoroknak.\";s:2:\"se\";s:86:\"Sajtkarta, modulen skapar ett index av alla sidor och en XML-sitemap för sökmotorer.\";}',0,1,0,'content',1,1,1,1412694535),
	(17,'a:20:{s:2:\"en\";s:15:\"Email Templates\";s:2:\"ar\";s:48:\"قوالب الرسائل الإلكترونية\";s:2:\"br\";s:17:\"Modelos de e-mail\";s:2:\"pt\";s:17:\"Modelos de e-mail\";s:2:\"da\";s:16:\"Email skabeloner\";s:2:\"el\";s:22:\"Δυναμικά email\";s:2:\"es\";s:19:\"Plantillas de email\";s:2:\"fr\";s:17:\"Modèles d\'emails\";s:2:\"he\";s:12:\"תבניות\";s:2:\"id\";s:14:\"Template Email\";s:2:\"lt\";s:22:\"El. laiškų šablonai\";s:2:\"nl\";s:15:\"Email sjablonen\";s:2:\"ru\";s:25:\"Шаблоны почты\";s:2:\"sl\";s:14:\"Email predloge\";s:2:\"tw\";s:12:\"郵件範本\";s:2:\"cn\";s:12:\"邮件范本\";s:2:\"hu\";s:15:\"E-mail sablonok\";s:2:\"fi\";s:25:\"Sähköposti viestipohjat\";s:2:\"th\";s:33:\"แม่แบบอีเมล\";s:2:\"se\";s:12:\"E-postmallar\";}','templates','1.1.0',NULL,'a:20:{s:2:\"en\";s:46:\"Create, edit, and save dynamic email templates\";s:2:\"ar\";s:97:\"أنشئ، عدّل واحفظ قوالب البريد الإلكترني الديناميكية.\";s:2:\"br\";s:51:\"Criar, editar e salvar modelos de e-mail dinâmicos\";s:2:\"pt\";s:51:\"Criar, editar e salvar modelos de e-mail dinâmicos\";s:2:\"da\";s:49:\"Opret, redigér og gem dynamiske emailskabeloner.\";s:2:\"el\";s:108:\"Δημιουργήστε, επεξεργαστείτε και αποθηκεύστε δυναμικά email.\";s:2:\"es\";s:54:\"Crear, editar y guardar plantillas de email dinámicas\";s:2:\"fr\";s:61:\"Créer, éditer et sauver dynamiquement des modèles d\'emails\";s:2:\"he\";s:54:\"ניהול של תבניות דואר אלקטרוני\";s:2:\"id\";s:55:\"Membuat, mengedit, dan menyimpan template email dinamis\";s:2:\"lt\";s:58:\"Kurk, tvarkyk ir saugok dinaminius el. laiškų šablonus.\";s:2:\"nl\";s:49:\"Maak, bewerk, en beheer dynamische emailsjablonen\";s:2:\"ru\";s:127:\"Создавайте, редактируйте и сохраняйте динамические почтовые шаблоны\";s:2:\"sl\";s:52:\"Ustvari, uredi in shrani spremenljive email predloge\";s:2:\"tw\";s:61:\"新增、編輯與儲存可顯示動態資料的 email 範本\";s:2:\"cn\";s:61:\"新增、编辑与储存可显示动态资料的 email 范本\";s:2:\"hu\";s:63:\"Csináld, szerkeszd és mentsd el a dinamikus e-mail sablonokat\";s:2:\"fi\";s:66:\"Lisää, muokkaa ja tallenna dynaamisia sähköposti viestipohjia.\";s:2:\"th\";s:129:\"การสร้างแก้ไขและบันทึกแม่แบบอีเมลแบบไดนามิก\";s:2:\"se\";s:49:\"Skapa, redigera och spara dynamiska E-postmallar.\";}',1,0,1,'structure',1,1,1,1412694535),
	(18,'a:24:{s:2:\"en\";s:5:\"Users\";s:2:\"ar\";s:20:\"المستخدمون\";s:2:\"br\";s:9:\"Usuários\";s:2:\"pt\";s:12:\"Utilizadores\";s:2:\"cs\";s:11:\"Uživatelé\";s:2:\"da\";s:7:\"Brugere\";s:2:\"de\";s:8:\"Benutzer\";s:2:\"el\";s:14:\"Χρήστες\";s:2:\"es\";s:8:\"Usuarios\";s:2:\"fi\";s:12:\"Käyttäjät\";s:2:\"fr\";s:12:\"Utilisateurs\";s:2:\"he\";s:14:\"משתמשים\";s:2:\"id\";s:8:\"Pengguna\";s:2:\"it\";s:6:\"Utenti\";s:2:\"lt\";s:10:\"Vartotojai\";s:2:\"nl\";s:10:\"Gebruikers\";s:2:\"pl\";s:12:\"Użytkownicy\";s:2:\"ru\";s:24:\"Пользователи\";s:2:\"sl\";s:10:\"Uporabniki\";s:2:\"tw\";s:6:\"用戶\";s:2:\"cn\";s:6:\"用户\";s:2:\"hu\";s:14:\"Felhasználók\";s:2:\"th\";s:27:\"ผู้ใช้งาน\";s:2:\"se\";s:10:\"Användare\";}','users','1.1.0',NULL,'a:24:{s:2:\"en\";s:81:\"Let users register and log in to the site, and manage them via the control panel.\";s:2:\"ar\";s:133:\"تمكين المستخدمين من التسجيل والدخول إلى الموقع، وإدارتهم من لوحة التحكم.\";s:2:\"br\";s:125:\"Permite com que usuários se registrem e entrem no site e também que eles sejam gerenciáveis apartir do painel de controle.\";s:2:\"pt\";s:125:\"Permite com que os utilizadores se registem e entrem no site e também que eles sejam geriveis apartir do painel de controlo.\";s:2:\"cs\";s:103:\"Umožňuje uživatelům se registrovat a přihlašovat a zároveň jejich správu v Kontrolním panelu.\";s:2:\"da\";s:89:\"Lader brugere registrere sig og logge ind på sitet, og håndtér dem via kontrolpanelet.\";s:2:\"de\";s:108:\"Erlaube Benutzern das Registrieren und Einloggen auf der Seite und verwalte sie über die Admin-Oberfläche.\";s:2:\"el\";s:208:\"Παρέχει λειτουργίες εγγραφής και σύνδεσης στους επισκέπτες. Επίσης από εδώ γίνεται η διαχείριση των λογαριασμών.\";s:2:\"es\";s:138:\"Permite el registro de nuevos usuarios quienes podrán loguearse en el sitio. Estos podrán controlarse desde el panel de administración.\";s:2:\"fi\";s:126:\"Antaa käyttäjien rekisteröityä ja kirjautua sisään sivustolle sekä mahdollistaa niiden muokkaamisen hallintapaneelista.\";s:2:\"fr\";s:112:\"Permet aux utilisateurs de s\'enregistrer et de se connecter au site et de les gérer via le panneau de contrôle\";s:2:\"he\";s:62:\"ניהול משתמשים: רישום, הפעלה ומחיקה\";s:2:\"id\";s:102:\"Memungkinkan pengguna untuk mendaftar dan masuk ke dalam situs, dan mengaturnya melalui control panel.\";s:2:\"it\";s:95:\"Fai iscrivere de entrare nel sito gli utenti, e gestiscili attraverso il pannello di controllo.\";s:2:\"lt\";s:106:\"Leidžia vartotojams registruotis ir prisijungti prie puslapio, ir valdyti juos per administravimo panele.\";s:2:\"nl\";s:88:\"Laat gebruikers registreren en inloggen op de site, en beheer ze via het controlepaneel.\";s:2:\"pl\";s:87:\"Pozwól użytkownikom na logowanie się na stronie i zarządzaj nimi za pomocą panelu.\";s:2:\"ru\";s:155:\"Управление зарегистрированными пользователями, активирование новых пользователей.\";s:2:\"sl\";s:96:\"Dovoli uporabnikom za registracijo in prijavo na strani, urejanje le teh preko nadzorne plošče\";s:2:\"tw\";s:87:\"讓用戶可以註冊並登入網站，並且管理者可在控制台內進行管理。\";s:2:\"cn\";s:87:\"让用户可以注册并登入网站，并且管理者可在控制台内进行管理。\";s:2:\"th\";s:210:\"ให้ผู้ใช้ลงทะเบียนและเข้าสู่เว็บไซต์และจัดการกับพวกเขาผ่านทางแผงควบคุม\";s:2:\"hu\";s:120:\"Hogy a felhasználók tudjanak az oldalra regisztrálni és belépni, valamint lehessen őket kezelni a vezérlőpulton.\";s:2:\"se\";s:111:\"Låt dina besökare registrera sig och logga in på webbplatsen. Hantera sedan användarna via kontrollpanelen.\";}',0,0,1,'0',1,1,1,1412694535),
	(19,'a:24:{s:2:\"en\";s:9:\"Variables\";s:2:\"ar\";s:20:\"المتغيّرات\";s:2:\"br\";s:10:\"Variáveis\";s:2:\"pt\";s:10:\"Variáveis\";s:2:\"cs\";s:10:\"Proměnné\";s:2:\"da\";s:8:\"Variable\";s:2:\"de\";s:9:\"Variablen\";s:2:\"el\";s:20:\"Μεταβλητές\";s:2:\"es\";s:9:\"Variables\";s:2:\"fi\";s:9:\"Muuttujat\";s:2:\"fr\";s:9:\"Variables\";s:2:\"he\";s:12:\"משתנים\";s:2:\"id\";s:8:\"Variabel\";s:2:\"it\";s:9:\"Variabili\";s:2:\"lt\";s:10:\"Kintamieji\";s:2:\"nl\";s:10:\"Variabelen\";s:2:\"pl\";s:7:\"Zmienne\";s:2:\"ru\";s:20:\"Переменные\";s:2:\"sl\";s:13:\"Spremenljivke\";s:2:\"tw\";s:12:\"系統變數\";s:2:\"cn\";s:12:\"系统变数\";s:2:\"th\";s:18:\"ตัวแปร\";s:2:\"se\";s:9:\"Variabler\";s:2:\"hu\";s:10:\"Változók\";}','variables','1.0.0',NULL,'a:24:{s:2:\"en\";s:59:\"Manage global variables that can be accessed from anywhere.\";s:2:\"ar\";s:97:\"إدارة المُتغيّرات العامة لاستخدامها في أرجاء الموقع.\";s:2:\"br\";s:61:\"Gerencia as variáveis globais acessíveis de qualquer lugar.\";s:2:\"pt\";s:58:\"Gerir as variáveis globais acessíveis de qualquer lugar.\";s:2:\"cs\";s:56:\"Spravujte globální proměnné přístupné odkudkoliv.\";s:2:\"da\";s:51:\"Håndtér globale variable som kan tilgås overalt.\";s:2:\"de\";s:74:\"Verwaltet globale Variablen, auf die von überall zugegriffen werden kann.\";s:2:\"el\";s:129:\"Διαχείριση μεταβλητών που είναι προσβάσιμες από παντού στον ιστότοπο.\";s:2:\"es\";s:50:\"Manage global variables to access from everywhere.\";s:2:\"fi\";s:66:\"Hallitse globaali muuttujia, joihin pääsee käsiksi mistä vain.\";s:2:\"fr\";s:92:\"Gérer des variables globales pour pouvoir y accéder depuis n\'importe quel endroit du site.\";s:2:\"he\";s:96:\"ניהול משתנים גלובליים אשר ניתנים להמרה בכל חלקי האתר\";s:2:\"id\";s:59:\"Mengatur variabel global yang dapat diakses dari mana saja.\";s:2:\"it\";s:58:\"Gestisci le variabili globali per accedervi da ogni parte.\";s:2:\"lt\";s:64:\"Globalių kintamujų tvarkymas kurie yra pasiekiami iš bet kur.\";s:2:\"nl\";s:54:\"Beheer globale variabelen die overal beschikbaar zijn.\";s:2:\"pl\";s:86:\"Zarządzaj globalnymi zmiennymi do których masz dostęp z każdego miejsca aplikacji.\";s:2:\"ru\";s:136:\"Управление глобальными переменными, которые доступны в любом месте сайта.\";s:2:\"sl\";s:53:\"Urejanje globalnih spremenljivk za dostop od kjerkoli\";s:2:\"th\";s:148:\"จัดการตัวแปรทั่วไปโดยที่สามารถเข้าถึงได้จากทุกที่.\";s:2:\"tw\";s:45:\"管理此網站內可存取的全局變數。\";s:2:\"cn\";s:45:\"管理此网站内可存取的全局变数。\";s:2:\"hu\";s:62:\"Globális változók kezelése a hozzáféréshez, bárhonnan.\";s:2:\"se\";s:66:\"Hantera globala variabler som kan avändas över hela webbplatsen.\";}',0,0,1,'data',1,1,1,1412694535),
	(20,'a:22:{s:2:\"en\";s:7:\"Widgets\";s:2:\"br\";s:7:\"Widgets\";s:2:\"pt\";s:7:\"Widgets\";s:2:\"cs\";s:7:\"Widgety\";s:2:\"da\";s:7:\"Widgets\";s:2:\"de\";s:7:\"Widgets\";s:2:\"el\";s:7:\"Widgets\";s:2:\"es\";s:7:\"Widgets\";s:2:\"fi\";s:9:\"Vimpaimet\";s:2:\"fr\";s:7:\"Widgets\";s:2:\"id\";s:6:\"Widget\";s:2:\"it\";s:7:\"Widgets\";s:2:\"lt\";s:11:\"Papildiniai\";s:2:\"nl\";s:7:\"Widgets\";s:2:\"ru\";s:14:\"Виджеты\";s:2:\"sl\";s:9:\"Vtičniki\";s:2:\"tw\";s:9:\"小組件\";s:2:\"cn\";s:9:\"小组件\";s:2:\"hu\";s:9:\"Widget-ek\";s:2:\"th\";s:21:\"วิดเจ็ต\";s:2:\"se\";s:8:\"Widgetar\";s:2:\"ar\";s:14:\"الودجتس\";}','widgets','1.2.0',NULL,'a:22:{s:2:\"en\";s:69:\"Manage small sections of self-contained logic in blocks or \"Widgets\".\";s:2:\"ar\";s:132:\"إدارة أقسام صغيرة من البرمجيات في مساحات الموقع أو ما يُسمّى بالـ\"ودجتس\".\";s:2:\"br\";s:77:\"Gerenciar pequenas seções de conteúdos em bloco conhecidos como \"Widgets\".\";s:2:\"pt\";s:74:\"Gerir pequenas secções de conteúdos em bloco conhecidos como \"Widgets\".\";s:2:\"cs\";s:56:\"Spravujte malé funkční části webu neboli \"Widgety\".\";s:2:\"da\";s:74:\"Håndter små sektioner af selv-opretholdt logik i blokke eller \"Widgets\".\";s:2:\"de\";s:62:\"Verwaltet kleine, eigentständige Bereiche, genannt \"Widgets\".\";s:2:\"el\";s:149:\"Διαχείριση μικρών τμημάτων αυτόνομης προγραμματιστικής λογικής σε πεδία ή \"Widgets\".\";s:2:\"es\";s:75:\"Manejar pequeñas secciones de lógica autocontenida en bloques o \"Widgets\"\";s:2:\"fi\";s:81:\"Hallitse pieniä osioita, jotka sisältävät erillisiä lohkoja tai \"Vimpaimia\".\";s:2:\"fr\";s:41:\"Gérer des mini application ou \"Widgets\".\";s:2:\"id\";s:101:\"Mengatur bagian-bagian kecil dari blok-blok yang memuat sesuatu atau dikenal dengan istilah \"Widget\".\";s:2:\"it\";s:70:\"Gestisci piccole sezioni di logica a se stante in blocchi o \"Widgets\".\";s:2:\"lt\";s:43:\"Nedidelių, savarankiškų blokų valdymas.\";s:2:\"nl\";s:75:\"Beheer kleine onderdelen die zelfstandige logica bevatten, ofwel \"Widgets\".\";s:2:\"ru\";s:91:\"Управление небольшими, самостоятельными блоками.\";s:2:\"sl\";s:61:\"Urejanje manjših delov blokov strani ti. Vtičniki (Widgets)\";s:2:\"tw\";s:103:\"可將小段的程式碼透過小組件來管理。即所謂 \"Widgets\"，或稱為小工具、部件。\";s:2:\"cn\";s:103:\"可将小段的程式码透过小组件来管理。即所谓 \"Widgets\"，或称为小工具、部件。\";s:2:\"hu\";s:56:\"Önálló kis logikai tömbök vagy widget-ek kezelése.\";s:2:\"th\";s:152:\"จัดการส่วนเล็ก ๆ ในรูปแบบของตัวเองในบล็อกหรือวิดเจ็ต\";s:2:\"se\";s:83:\"Hantera små sektioner med egen logik och innehåll på olika delar av webbplatsen.\";}',1,0,1,'content',1,1,1,1412694535),
	(21,'a:8:{s:2:\"en\";s:7:\"WYSIWYG\";s:2:\"fr\";s:7:\"WYSIWYG\";s:2:\"pt\";s:7:\"WYSIWYG\";s:2:\"se\";s:15:\"HTML-redigerare\";s:2:\"tw\";s:7:\"WYSIWYG\";s:2:\"cn\";s:7:\"WYSIWYG\";s:2:\"ar\";s:27:\"المحرر الرسومي\";s:2:\"it\";s:7:\"WYSIWYG\";}','wysiwyg','1.0.0',NULL,'a:9:{s:2:\"en\";s:60:\"Provides the WYSIWYG editor for PyroCMS powered by CKEditor.\";s:2:\"fr\";s:63:\"Fournit un éditeur WYSIWYG pour PyroCMS propulsé par CKEditor\";s:2:\"pt\";s:61:\"Fornece o editor WYSIWYG para o PyroCMS, powered by CKEditor.\";s:2:\"el\";s:113:\"Παρέχει τον επεξεργαστή WYSIWYG για το PyroCMS, χρησιμοποιεί το CKEDitor.\";s:2:\"se\";s:37:\"Redigeringsmodul för HTML, CKEditor.\";s:2:\"tw\";s:83:\"提供 PyroCMS 所見即所得（WYSIWYG）編輯器，由 CKEditor 技術提供。\";s:2:\"cn\";s:83:\"提供 PyroCMS 所见即所得（WYSIWYG）编辑器，由 CKEditor 技术提供。\";s:2:\"ar\";s:76:\"توفر المُحرّر الرسومي لـPyroCMS من خلال CKEditor.\";s:2:\"it\";s:57:\"Fornisce l\'editor WYSIWYG per PtroCMS creato con CKEditor\";}',0,0,0,'0',1,1,1,1412694535),
	(22,'a:1:{s:2:\"pt\";s:16:\"Crédito Pessoal\";}','credito_pessoal','2.0.1',NULL,'a:1:{s:2:\"pt\";s:33:\"Gestão do bloco Crédito Pessoal\";}',0,0,1,'blocos',0,0,0,1412687335),
	(23,'a:1:{s:2:\"pt\";s:26:\"Crédito Pessoal Vantagens\";}','credito_pessoal_vantagens','2.0.1',NULL,'a:1:{s:2:\"pt\";s:43:\"Gestão do bloco Vantagens Crédito Pessoal\";}',0,0,1,'blocos',0,0,0,1412687335),
	(24,'a:1:{s:2:\"pt\";s:9:\"Destaques\";}','destaques','2.0.1',NULL,'a:1:{s:2:\"pt\";s:29:\"Gestão dos destaques do site\";}',0,0,1,'paginas',0,0,0,1412687335),
	(25,'a:1:{s:2:\"pt\";s:14:\"Documentação\";}','documentacao','2.0.1',NULL,'a:1:{s:2:\"pt\";s:48:\"Gestão da página de documentação necessária\";}',0,0,1,'paginas',0,0,0,1412687335),
	(26,'a:1:{s:2:\"pt\";s:13:\"Fale Connosco\";}','fale_connosco','2.0.1',NULL,'a:1:{s:2:\"pt\";s:33:\"Gestão do bloco Crédito Pessoal\";}',0,0,1,'formularios',0,0,0,1412687335),
	(27,'a:1:{s:2:\"pt\";s:5:\"FAQ\'s\";}','faqs','2.0.1',NULL,'a:1:{s:2:\"pt\";s:27:\"Gestão da página de FAQ\'s\";}',0,0,1,'paginas',0,0,0,1412687335),
	(28,'a:1:{s:2:\"pt\";s:9:\"Montantes\";}','montantes','2.0.1',NULL,'a:1:{s:2:\"pt\";s:32:\"Gestão dos valores do simulador\";}',0,0,1,'simulador',0,0,0,1412687335),
	(54,'a:1:{s:2:\"pt\";s:10:\"Newsletter\";}','newsletter','2.0.1',NULL,'a:1:{s:2:\"pt\";s:37:\"Gestão de subscritores da newsletter\";}',0,0,1,'formularios',0,0,0,1412691343),
	(30,'a:1:{s:2:\"pt\";s:19:\"Pedidos de contacto\";}','pedidos_contacto','2.0.1',NULL,'a:1:{s:2:\"pt\";s:31:\"Gestão dos pedidos de contacto\";}',0,0,1,'formularios',0,0,0,1412687335),
	(31,'a:1:{s:2:\"pt\";s:23:\"Pedidos de informação\";}','pedidos_info','2.0.1',NULL,'a:1:{s:2:\"pt\";s:31:\"Gestão dos pedidos de contacto\";}',0,0,1,'formularios',0,0,0,1412687335),
	(32,'a:1:{s:2:\"pt\";s:7:\"Seguros\";}','seguros','2.0.1',NULL,'a:1:{s:2:\"pt\";s:29:\"Gestão da página de seguros\";}',0,0,1,'paginas',0,0,0,1412687335),
	(33,'a:1:{s:2:\"pt\";s:12:\"Simulações\";}','simulacoes','2.0.1',NULL,'a:1:{s:2:\"pt\";s:43:\"Gestão das simulações efectuadas no site\";}',0,0,1,'formularios',0,0,0,1412687335),
	(34,'a:2:{s:2:\"pt\";s:22:\"Reporte de Actividades\";s:2:\"es\";s:22:\"Reporte de Actividades\";}','activityreport','1.0.0',NULL,'a:2:{s:2:\"pt\";s:32:\"Gestão da página de Actividade\";s:2:\"es\";s:38:\"Página Gestión Reporte de Actividade\";}',0,0,1,'modulos',0,0,0,1412687662),
	(35,'a:2:{s:2:\"pt\";s:16:\"Bolsa de Trabajo\";s:2:\"es\";s:16:\"Bolsa de Trabajo\";}','adswork','1.0.0',NULL,'a:2:{s:2:\"pt\";s:42:\"Gestão da página de Anúncios de Emprego\";s:2:\"es\";s:39:\"Página Gestión de Anuncios de Trabajo\";}',0,0,1,'modulos',0,0,0,1412687662),
	(36,'a:2:{s:2:\"pt\";s:10:\"Sucursales\";s:2:\"es\";s:10:\"Sucursales\";}','branches','1.0.0',NULL,'a:2:{s:2:\"pt\";s:31:\"Gestão da página de Sucursais\";s:2:\"es\";s:30:\"Página Gestión de Sucursales\";}',0,0,1,'modulos',0,0,0,1412687662),
	(37,'a:2:{s:2:\"pt\";s:5:\"Razas\";s:2:\"es\";s:5:\"Razas\";}','breeds','1.0.0',NULL,'a:2:{s:2:\"pt\";s:28:\"Gestão da página de Raças\";s:2:\"es\";s:22:\"Página Gestión Razas\";}',0,0,1,'modulos',0,0,0,1412687662),
	(38,'a:2:{s:2:\"pt\";s:8:\"Ciudades\";s:2:\"es\";s:8:\"Ciudades\";}','config_cities','1.0.0',NULL,'a:2:{s:2:\"pt\";s:32:\"Gestão da página de Actividade\";s:2:\"es\";s:25:\"Página Gestión Ciudades\";}',0,0,1,'config',0,0,0,1412687662),
	(39,'a:2:{s:2:\"pt\";s:7:\"Estados\";s:2:\"es\";s:7:\"Estados\";}','config_states','1.0.0',NULL,'a:2:{s:2:\"pt\";s:32:\"Gestão da página de Actividade\";s:2:\"es\";s:24:\"Página Gestión Estados\";}',0,0,1,'config',0,0,0,1412687662),
	(40,'a:2:{s:2:\"pt\";s:7:\"Eventos\";s:2:\"es\";s:7:\"Eventos\";}','events','1.0.0',NULL,'a:2:{s:2:\"pt\";s:29:\"Gestão da página de Eventos\";s:2:\"es\";s:27:\"Página Gestión de Eventos\";}',0,0,1,'modulos',0,0,0,1412687662),
	(41,'a:2:{s:2:\"pt\";s:16:\"Especies del Mes\";s:2:\"es\";s:16:\"Especies del Mes\";}','highlights','1.0.0',NULL,'a:2:{s:2:\"pt\";s:30:\"Gestão da página de Especies\";s:2:\"es\";s:36:\"Gestión Página de Especies del Mes\";}',0,0,1,'modulos',0,0,0,1412687662),
	(42,'a:2:{s:2:\"pt\";s:8:\"Maskotas\";s:2:\"es\";s:8:\"Maskotas\";}','maskotas','2.0.1',NULL,'a:2:{s:2:\"pt\";s:37:\"Gestão de subscritores da newsletter\";s:2:\"es\";s:28:\"Página Gestión de maskotas\";}',0,0,1,'modulos',0,0,0,1412687662),
	(43,'a:2:{s:2:\"pt\";s:7:\"Aliados\";s:2:\"es\";s:7:\"Aliados\";}','partners','1.0.0',NULL,'a:2:{s:2:\"pt\";s:29:\"Gestão da página de Aliados\";s:2:\"es\";s:27:\"Página Gestión de Aliados\";}',0,0,1,'modulos',0,0,0,1412687662),
	(44,'a:2:{s:2:\"pt\";s:11:\"Promociones\";s:2:\"es\";s:11:\"Promociones\";}','promotions','1.0.0',NULL,'a:2:{s:2:\"pt\";s:33:\"Gestão da página de Promoções\";s:2:\"es\";s:31:\"Página Gestión de Promociones\";}',0,0,1,'modulos',0,0,0,1412687662),
	(45,'a:2:{s:2:\"pt\";s:13:\"Slider Tienda\";s:2:\"es\";s:13:\"Slider Tienda\";}','slider_tienda','1.0.0',NULL,'a:2:{s:2:\"pt\";s:28:\"Gestão da página de Slides\";s:2:\"es\";s:33:\"Página Gestión Slides de Tienda\";}',0,0,1,'modulos',0,0,0,1412687662),
	(46,'a:2:{s:2:\"pt\";s:6:\"Slides\";s:2:\"es\";s:6:\"Slides\";}','slides','1.0.0',NULL,'a:2:{s:2:\"pt\";s:28:\"Gestão da página de Slides\";s:2:\"es\";s:23:\"Página Gestión Slides\";}',0,0,1,'modulos',0,0,0,1412687662),
	(47,'a:2:{s:2:\"pt\";s:8:\"Especies\";s:2:\"es\";s:8:\"Especies\";}','species','1.0.0',NULL,'a:2:{s:2:\"pt\";s:30:\"Gestão da página de Especies\";s:2:\"es\";s:28:\"Gestión Página de Especies\";}',0,0,1,'config',0,0,0,1412687662),
	(48,'a:2:{s:2:\"pt\";s:10:\"Newsletter\";s:2:\"es\";s:10:\"Newsletter\";}','subscribers','2.0.1',NULL,'a:2:{s:2:\"pt\";s:37:\"Gestão de subscritores da newsletter\";s:2:\"es\";s:49:\"Página Gestión de suscriptores de la newsletter\";}',0,0,1,'modulos',0,0,0,1412687662),
	(49,'a:2:{s:2:\"pt\";s:9:\"Encuestas\";s:2:\"es\";s:9:\"Encuestas\";}','surveys','2.0.0',NULL,'a:2:{s:2:\"pt\";s:41:\"Gestão da página de Red de Veterinarios\";s:2:\"es\";s:30:\"Gestión Página de Encuestas.\";}',0,0,1,'modulos',0,0,0,1412687662),
	(50,'a:2:{s:2:\"pt\";s:11:\"Testimonios\";s:2:\"es\";s:11:\"Testimonios\";}','testimonies','1.0.0',NULL,'a:2:{s:2:\"pt\";s:33:\"Gestão da página de Testemunhos\";s:2:\"es\";s:31:\"Página Gestión de Testimonios\";}',0,0,1,'modulos',0,0,0,1412687662),
	(51,'a:2:{s:2:\"pt\";s:8:\"Usuarios\";s:2:\"es\";s:8:\"Usuarios\";}','utilizadores','2.0.1',NULL,'a:2:{s:2:\"pt\";s:37:\"Gestão de subscritores da newsletter\";s:2:\"es\";s:28:\"Página Gestión de Usuarios\";}',0,0,1,'modulos',0,0,0,1412687662),
	(52,'a:2:{s:2:\"pt\";s:19:\"Red de Veterinarios\";s:2:\"es\";s:19:\"Red de Veterinarios\";}','vets','1.0.0',NULL,'a:2:{s:2:\"pt\";s:41:\"Gestão da página de Red de Veterinarios\";s:2:\"es\";s:39:\"Gestión Página de Red de Veterinarios\";}',0,0,1,'modulos',0,0,0,1412687662),
	(53,'a:1:{s:2:\"pt\";s:9:\"Notícias\";}','noticias','2.1.0',NULL,'a:1:{s:2:\"pt\";s:31:\"Gestão da página de Notícias\";}',0,0,1,'modulos',0,0,0,1412700090),
	(56,'a:1:{s:2:\"pt\";s:5:\"Todos\";}','todos','2.1.0',NULL,'a:1:{s:2:\"pt\";s:17:\"Exemplo de campos\";}',0,0,1,'modulos',1,1,0,1414164024);

/*!40000 ALTER TABLE `default_modules` ENABLE KEYS */;
UNLOCK TABLES;


# Dump of table default_navigation_groups
# ------------------------------------------------------------

DROP TABLE IF EXISTS `default_navigation_groups`;

CREATE TABLE `default_navigation_groups` (
  `id` int(11) NOT NULL AUTO_INCREMENT,
  `title` varchar(50) COLLATE utf8_unicode_ci NOT NULL,
  `abbrev` varchar(50) COLLATE utf8_unicode_ci NOT NULL,
  PRIMARY KEY (`id`),
  KEY `abbrev` (`abbrev`)
) ENGINE=InnoDB DEFAULT CHARSET=utf8 COLLATE=utf8_unicode_ci;

LOCK TABLES `default_navigation_groups` WRITE;
/*!40000 ALTER TABLE `default_navigation_groups` DISABLE KEYS */;

INSERT INTO `default_navigation_groups` (`id`, `title`, `abbrev`)
VALUES
	(1,'Header','header'),
	(2,'Sidebar','sidebar'),
	(3,'Footer','footer');

/*!40000 ALTER TABLE `default_navigation_groups` ENABLE KEYS */;
UNLOCK TABLES;


# Dump of table default_navigation_links
# ------------------------------------------------------------

DROP TABLE IF EXISTS `default_navigation_links`;

CREATE TABLE `default_navigation_links` (
  `id` int(11) NOT NULL AUTO_INCREMENT,
  `title` varchar(100) COLLATE utf8_unicode_ci NOT NULL DEFAULT '',
  `parent` int(11) DEFAULT NULL,
  `link_type` varchar(20) COLLATE utf8_unicode_ci NOT NULL DEFAULT 'uri',
  `page_id` int(11) DEFAULT NULL,
  `module_name` varchar(50) COLLATE utf8_unicode_ci NOT NULL DEFAULT '',
  `url` varchar(255) COLLATE utf8_unicode_ci NOT NULL DEFAULT '',
  `uri` varchar(255) COLLATE utf8_unicode_ci NOT NULL DEFAULT '',
  `navigation_group_id` int(5) NOT NULL DEFAULT '0',
  `position` int(5) NOT NULL DEFAULT '0',
  `target` varchar(10) COLLATE utf8_unicode_ci DEFAULT NULL,
  `restricted_to` varchar(255) COLLATE utf8_unicode_ci DEFAULT NULL,
  `class` varchar(255) COLLATE utf8_unicode_ci NOT NULL DEFAULT '',
  PRIMARY KEY (`id`),
  KEY `navigation_group_id` (`navigation_group_id`)
) ENGINE=InnoDB DEFAULT CHARSET=utf8 COLLATE=utf8_unicode_ci;

LOCK TABLES `default_navigation_links` WRITE;
/*!40000 ALTER TABLE `default_navigation_links` DISABLE KEYS */;

INSERT INTO `default_navigation_links` (`id`, `title`, `parent`, `link_type`, `page_id`, `module_name`, `url`, `uri`, `navigation_group_id`, `position`, `target`, `restricted_to`, `class`)
VALUES
	(1,'Home',NULL,'page',1,'','','',1,1,NULL,NULL,''),
	(2,'Blog',NULL,'module',NULL,'blog','','',1,2,NULL,NULL,''),
	(3,'Contact',NULL,'page',2,'','','',1,3,NULL,NULL,'');

/*!40000 ALTER TABLE `default_navigation_links` ENABLE KEYS */;
UNLOCK TABLES;


# Dump of table default_page_types
# ------------------------------------------------------------

DROP TABLE IF EXISTS `default_page_types`;

CREATE TABLE `default_page_types` (
  `id` int(11) NOT NULL AUTO_INCREMENT,
  `slug` varchar(255) COLLATE utf8_unicode_ci NOT NULL DEFAULT '',
  `title` varchar(60) COLLATE utf8_unicode_ci NOT NULL,
  `description` text COLLATE utf8_unicode_ci,
  `stream_id` int(11) NOT NULL,
  `meta_title` varchar(255) COLLATE utf8_unicode_ci DEFAULT NULL,
  `meta_keywords` char(32) COLLATE utf8_unicode_ci DEFAULT NULL,
  `meta_description` text COLLATE utf8_unicode_ci,
  `body` text COLLATE utf8_unicode_ci NOT NULL,
  `css` text COLLATE utf8_unicode_ci,
  `js` text COLLATE utf8_unicode_ci,
  `theme_layout` varchar(100) COLLATE utf8_unicode_ci NOT NULL DEFAULT 'default',
  `updated_on` int(11) NOT NULL,
  `save_as_files` char(1) COLLATE utf8_unicode_ci NOT NULL DEFAULT 'n',
  `content_label` varchar(60) COLLATE utf8_unicode_ci DEFAULT NULL,
  `title_label` varchar(100) COLLATE utf8_unicode_ci DEFAULT NULL,
  PRIMARY KEY (`id`)
) ENGINE=InnoDB DEFAULT CHARSET=utf8 COLLATE=utf8_unicode_ci;

LOCK TABLES `default_page_types` WRITE;
/*!40000 ALTER TABLE `default_page_types` DISABLE KEYS */;

INSERT INTO `default_page_types` (`id`, `slug`, `title`, `description`, `stream_id`, `meta_title`, `meta_keywords`, `meta_description`, `body`, `css`, `js`, `theme_layout`, `updated_on`, `save_as_files`, `content_label`, `title_label`)
VALUES
	(1,'default','Default','A simple page type with a WYSIWYG editor that will get you started adding content.',2,NULL,NULL,NULL,'<h2>{{ page:title }}</h2>\n\n{{ body }}','','','default',1412694437,'n',NULL,NULL);

/*!40000 ALTER TABLE `default_page_types` ENABLE KEYS */;
UNLOCK TABLES;


# Dump of table default_pages
# ------------------------------------------------------------

DROP TABLE IF EXISTS `default_pages`;

CREATE TABLE `default_pages` (
  `id` int(11) NOT NULL AUTO_INCREMENT,
  `slug` varchar(255) COLLATE utf8_unicode_ci NOT NULL DEFAULT '',
  `class` varchar(255) COLLATE utf8_unicode_ci NOT NULL DEFAULT '',
  `title` varchar(255) COLLATE utf8_unicode_ci NOT NULL DEFAULT '',
  `uri` text COLLATE utf8_unicode_ci,
  `parent_id` int(11) NOT NULL DEFAULT '0',
  `type_id` varchar(255) COLLATE utf8_unicode_ci NOT NULL,
  `entry_id` varchar(255) COLLATE utf8_unicode_ci DEFAULT NULL,
  `css` text COLLATE utf8_unicode_ci,
  `js` text COLLATE utf8_unicode_ci,
  `meta_title` varchar(255) COLLATE utf8_unicode_ci DEFAULT NULL,
  `meta_keywords` char(32) COLLATE utf8_unicode_ci DEFAULT NULL,
  `meta_description` text COLLATE utf8_unicode_ci,
  `rss_enabled` int(1) NOT NULL DEFAULT '0',
  `comments_enabled` int(1) NOT NULL DEFAULT '0',
  `status` enum('draft','live') COLLATE utf8_unicode_ci NOT NULL DEFAULT 'draft',
  `created_on` int(11) NOT NULL DEFAULT '0',
  `updated_on` int(11) NOT NULL DEFAULT '0',
  `restricted_to` varchar(255) COLLATE utf8_unicode_ci DEFAULT NULL,
  `is_home` int(1) NOT NULL DEFAULT '0',
  `strict_uri` tinyint(1) NOT NULL DEFAULT '1',
  `order` int(11) NOT NULL DEFAULT '0',
  PRIMARY KEY (`id`),
  KEY `slug` (`slug`),
  KEY `parent_id` (`parent_id`)
) ENGINE=InnoDB DEFAULT CHARSET=utf8 COLLATE=utf8_unicode_ci;

LOCK TABLES `default_pages` WRITE;
/*!40000 ALTER TABLE `default_pages` DISABLE KEYS */;

INSERT INTO `default_pages` (`id`, `slug`, `class`, `title`, `uri`, `parent_id`, `type_id`, `entry_id`, `css`, `js`, `meta_title`, `meta_keywords`, `meta_description`, `rss_enabled`, `comments_enabled`, `status`, `created_on`, `updated_on`, `restricted_to`, `is_home`, `strict_uri`, `order`)
VALUES
	(1,'home','','Home','home',0,'1','1',NULL,NULL,NULL,'',NULL,0,0,'live',1412694437,0,'',1,1,1412694437),
	(2,'contact','','Contact','contact',0,'1','2',NULL,NULL,NULL,'',NULL,0,0,'live',1412694437,0,'',0,1,1412694437),
	(3,'search','','Search','search',0,'1','3',NULL,NULL,NULL,'',NULL,0,0,'live',1412694437,0,'',0,1,1412694437),
	(4,'results','','Results','search/results',3,'1','4',NULL,NULL,NULL,'',NULL,0,0,'live',1412694437,0,'',0,0,1412694437),
	(5,'404','','Page missing','404',0,'1','5',NULL,NULL,NULL,'',NULL,0,0,'live',1412694437,0,'',0,1,1412694437);

/*!40000 ALTER TABLE `default_pages` ENABLE KEYS */;
UNLOCK TABLES;


# Dump of table default_permissions
# ------------------------------------------------------------

DROP TABLE IF EXISTS `default_permissions`;

CREATE TABLE `default_permissions` (
  `id` int(11) NOT NULL AUTO_INCREMENT,
  `group_id` int(11) NOT NULL,
  `module` varchar(50) COLLATE utf8_unicode_ci NOT NULL,
  `roles` text COLLATE utf8_unicode_ci,
  PRIMARY KEY (`id`),
  KEY `group_id` (`group_id`)
) ENGINE=InnoDB DEFAULT CHARSET=utf8 COLLATE=utf8_unicode_ci;



# Dump of table default_profiles
# ------------------------------------------------------------

DROP TABLE IF EXISTS `default_profiles`;

CREATE TABLE `default_profiles` (
  `id` int(9) NOT NULL AUTO_INCREMENT,
  `created` datetime DEFAULT NULL,
  `updated` datetime DEFAULT NULL,
  `created_by` int(11) DEFAULT NULL,
  `ordering_count` int(11) DEFAULT NULL,
  `user_id` int(11) unsigned NOT NULL,
  `display_name` varchar(50) COLLATE utf8_unicode_ci NOT NULL,
  `first_name` varchar(50) COLLATE utf8_unicode_ci NOT NULL,
  `last_name` varchar(50) COLLATE utf8_unicode_ci NOT NULL,
  `company` varchar(100) COLLATE utf8_unicode_ci DEFAULT NULL,
  `lang` varchar(2) COLLATE utf8_unicode_ci NOT NULL DEFAULT 'en',
  `bio` text COLLATE utf8_unicode_ci,
  `dob` int(11) DEFAULT NULL,
  `gender` set('m','f','') COLLATE utf8_unicode_ci DEFAULT NULL,
  `phone` varchar(20) COLLATE utf8_unicode_ci DEFAULT NULL,
  `mobile` varchar(20) COLLATE utf8_unicode_ci DEFAULT NULL,
  `address_line1` varchar(255) COLLATE utf8_unicode_ci DEFAULT NULL,
  `address_line2` varchar(255) COLLATE utf8_unicode_ci DEFAULT NULL,
  `address_line3` varchar(255) COLLATE utf8_unicode_ci DEFAULT NULL,
  `postcode` varchar(20) COLLATE utf8_unicode_ci DEFAULT NULL,
  `website` varchar(255) COLLATE utf8_unicode_ci DEFAULT NULL,
  `updated_on` int(11) unsigned DEFAULT NULL,
  PRIMARY KEY (`id`),
  KEY `user_id` (`user_id`)
) ENGINE=MyISAM DEFAULT CHARSET=utf8 COLLATE=utf8_unicode_ci;

LOCK TABLES `default_profiles` WRITE;
/*!40000 ALTER TABLE `default_profiles` DISABLE KEYS */;

INSERT INTO `default_profiles` (`id`, `created`, `updated`, `created_by`, `ordering_count`, `user_id`, `display_name`, `first_name`, `last_name`, `company`, `lang`, `bio`, `dob`, `gender`, `phone`, `mobile`, `address_line1`, `address_line2`, `address_line3`, `postcode`, `website`, `updated_on`)
VALUES
	(1,NULL,NULL,NULL,NULL,1,'Research Design','Research','Design','','en',NULL,NULL,NULL,NULL,NULL,NULL,NULL,NULL,NULL,NULL,NULL);

/*!40000 ALTER TABLE `default_profiles` ENABLE KEYS */;
UNLOCK TABLES;


# Dump of table default_redirects
# ------------------------------------------------------------

DROP TABLE IF EXISTS `default_redirects`;

CREATE TABLE `default_redirects` (
  `id` int(11) NOT NULL AUTO_INCREMENT,
  `from` varchar(250) COLLATE utf8_unicode_ci NOT NULL,
  `to` varchar(250) COLLATE utf8_unicode_ci NOT NULL,
  `type` int(3) NOT NULL DEFAULT '302',
  PRIMARY KEY (`id`),
  KEY `from` (`from`)
) ENGINE=InnoDB DEFAULT CHARSET=utf8 COLLATE=utf8_unicode_ci;



# Dump of table default_search_index
# ------------------------------------------------------------

DROP TABLE IF EXISTS `default_search_index`;

CREATE TABLE `default_search_index` (
  `id` int(10) unsigned NOT NULL AUTO_INCREMENT,
  `title` char(255) COLLATE utf8_unicode_ci NOT NULL,
  `description` text COLLATE utf8_unicode_ci,
  `keywords` text COLLATE utf8_unicode_ci,
  `keyword_hash` char(32) COLLATE utf8_unicode_ci DEFAULT NULL,
  `module` varchar(40) COLLATE utf8_unicode_ci DEFAULT NULL,
  `entry_key` varchar(100) COLLATE utf8_unicode_ci DEFAULT NULL,
  `entry_plural` varchar(100) COLLATE utf8_unicode_ci DEFAULT NULL,
  `entry_id` varchar(255) COLLATE utf8_unicode_ci DEFAULT NULL,
  `uri` varchar(255) COLLATE utf8_unicode_ci DEFAULT NULL,
  `cp_edit_uri` varchar(255) COLLATE utf8_unicode_ci DEFAULT NULL,
  `cp_delete_uri` varchar(255) COLLATE utf8_unicode_ci DEFAULT NULL,
  PRIMARY KEY (`id`),
  UNIQUE KEY `unique` (`module`,`entry_key`,`entry_id`(190)),
  FULLTEXT KEY `full search` (`title`,`description`,`keywords`)
) ENGINE=MyISAM DEFAULT CHARSET=utf8 COLLATE=utf8_unicode_ci;

LOCK TABLES `default_search_index` WRITE;
/*!40000 ALTER TABLE `default_search_index` DISABLE KEYS */;

INSERT INTO `default_search_index` (`id`, `title`, `description`, `keywords`, `keyword_hash`, `module`, `entry_key`, `entry_plural`, `entry_id`, `uri`, `cp_edit_uri`, `cp_delete_uri`)
VALUES
	(1,'Home','',NULL,NULL,'pages','pages:page','pages:pages','1','home','admin/pages/edit/1','admin/pages/delete/1'),
	(2,'Contact','',NULL,NULL,'pages','pages:page','pages:pages','2','contact','admin/pages/edit/2','admin/pages/delete/2'),
	(3,'Search','',NULL,NULL,'pages','pages:page','pages:pages','3','search','admin/pages/edit/3','admin/pages/delete/3'),
	(4,'Results','',NULL,NULL,'pages','pages:page','pages:pages','4','search/results','admin/pages/edit/4','admin/pages/delete/4'),
	(5,'Page missing','',NULL,NULL,'pages','pages:page','pages:pages','5','404','admin/pages/edit/5','admin/pages/delete/5');

/*!40000 ALTER TABLE `default_search_index` ENABLE KEYS */;
UNLOCK TABLES;


# Dump of table default_settings
# ------------------------------------------------------------

DROP TABLE IF EXISTS `default_settings`;

CREATE TABLE `default_settings` (
  `slug` varchar(30) COLLATE utf8_unicode_ci NOT NULL,
  `title` varchar(100) COLLATE utf8_unicode_ci NOT NULL,
  `description` text COLLATE utf8_unicode_ci NOT NULL,
  `type` set('text','textarea','password','select','select-multiple','radio','checkbox') COLLATE utf8_unicode_ci NOT NULL,
  `default` text COLLATE utf8_unicode_ci NOT NULL,
  `value` text COLLATE utf8_unicode_ci NOT NULL,
  `options` varchar(255) COLLATE utf8_unicode_ci NOT NULL,
  `is_required` int(1) NOT NULL,
  `is_gui` int(1) NOT NULL,
  `module` varchar(50) COLLATE utf8_unicode_ci NOT NULL,
  `order` int(10) NOT NULL DEFAULT '0',
  PRIMARY KEY (`slug`),
  UNIQUE KEY `unique_slug` (`slug`),
  KEY `slug` (`slug`)
) ENGINE=InnoDB DEFAULT CHARSET=utf8 COLLATE=utf8_unicode_ci;

LOCK TABLES `default_settings` WRITE;
/*!40000 ALTER TABLE `default_settings` DISABLE KEYS */;

INSERT INTO `default_settings` (`slug`, `title`, `description`, `type`, `default`, `value`, `options`, `is_required`, `is_gui`, `module`, `order`)
VALUES
	('activation_email','Activation Email','Send out an e-mail with an activation link when a user signs up. Disable this so that admins must manually activate each account.','select','1','','0=activate_by_admin|1=activate_by_email|2=no_activation',0,1,'users',961),
	('addons_upload','Addons Upload Permissions','Keeps mere admins from uploading addons by default','text','0','1','',1,0,'',0),
	('admin_force_https','Force HTTPS for Control Panel?','Allow only the HTTPS protocol when using the Control Panel?','radio','0','','1=Yes|0=No',1,1,'',0),
	('admin_theme','Control Panel Theme','Select the theme for the control panel.','','','pyrocms','func:get_themes',1,0,'',0),
	('akismet_api_key','Akismet API Key','Akismet is a spam-blocker from the WordPress team. It keeps spam under control without forcing users to get past human-checking CAPTCHA forms.','text','','','',0,1,'integration',981),
	('api_enabled','API Enabled','Allow API access to all modules which have an API controller.','select','0','0','0=Disabled|1=Enabled',0,0,'api',0),
	('api_user_keys','API User Keys','Allow users to sign up for API keys (if the API is Enabled).','select','0','0','0=Disabled|1=Enabled',0,0,'api',0),
	('auto_username','Auto Username','Create the username automatically, meaning users can skip making one on registration.','radio','1','','1=Enabled|0=Disabled',0,1,'users',964),
	('cdn_domain','CDN Domain','CDN domains allow you to offload static content to various edge servers, like Amazon CloudFront or MaxCDN.','text','','','',0,1,'integration',1000),
	('ckeditor_config','CKEditor Config','You can find a list of valid configuration items in <a target=\"_blank\" href=\"http://docs.cksource.com/ckeditor_api/symbols/CKEDITOR.config.html\">CKEditor\'s documentation.</a>','textarea','','{{# this is a wysiwyg-simple editor customized for the blog module (it allows images to be inserted) #}}\n$(\'textarea#intro.wysiwyg-simple\').ckeditor({\n	toolbar: [\n		[\'pyroimages\'],\n		[\'Bold\', \'Italic\', \'-\', \'NumberedList\', \'BulletedList\', \'-\', \'Link\', \'Unlink\']\n	  ],\n	extraPlugins: \'pyroimages\',\n	width: \'99%\',\n	height: 100,\n	dialog_backgroundCoverColor: \'#000\',\n	defaultLanguage: \'{{ helper:config item=\"default_language\" }}\',\n	language: \'{{ global:current_language }}\'\n});\n\n{{# this is the config for all wysiwyg-simple textareas #}}\n$(\'textarea.wysiwyg-simple\').ckeditor({\n	toolbar: [\n		[\'Bold\', \'Italic\', \'-\', \'NumberedList\', \'BulletedList\', \'-\', \'Link\', \'Unlink\']\n	  ],\n	width: \'99%\',\n	height: 100,\n	dialog_backgroundCoverColor: \'#000\',\n	defaultLanguage: \'{{ helper:config item=\"default_language\" }}\',\n	language: \'{{ global:current_language }}\'\n});\n\n{{# and this is the advanced editor #}}\n$(\'textarea.wysiwyg-advanced\').ckeditor({\n	toolbar: [\n		[\'Maximize\'],\n		[\'pyroimages\', \'pyrofiles\'],\n		[\'Cut\',\'Copy\',\'Paste\',\'PasteFromWord\'],\n		[\'Undo\',\'Redo\',\'-\',\'Find\',\'Replace\'],\n		[\'Link\',\'Unlink\'],\n		[\'Table\',\'HorizontalRule\',\'SpecialChar\'],\n		[\'Bold\',\'Italic\',\'StrikeThrough\'],\n		[\'JustifyLeft\',\'JustifyCenter\',\'JustifyRight\',\'JustifyBlock\',\'-\',\'BidiLtr\',\'BidiRtl\'],\n		[\'Format\', \'FontSize\', \'Subscript\',\'Superscript\', \'NumberedList\',\'BulletedList\',\'Outdent\',\'Indent\',\'Blockquote\'],\n		[\'ShowBlocks\', \'RemoveFormat\', \'Source\']\n	],\n	extraPlugins: \'pyroimages,pyrofiles\',\n	width: \'99%\',\n	height: 400,\n	dialog_backgroundCoverColor: \'#000\',\n	removePlugins: \'elementspath\',\n	defaultLanguage: \'{{ helper:config item=\"default_language\" }}\',\n	language: \'{{ global:current_language }}\'\n});','',1,1,'wysiwyg',993),
	('comment_markdown','Allow Markdown','Do you want to allow visitors to post comments using Markdown?','select','0','0','0=Text Only|1=Allow Markdown',1,1,'comments',965),
	('comment_order','Comment Order','Sort order in which to display comments.','select','ASC','ASC','ASC=Oldest First|DESC=Newest First',1,1,'comments',966),
	('contact_email','Contact E-mail','All e-mails from users, guests and the site will go to this e-mail address.','text','jose.lopes@rd-agency.com','','',1,1,'email',979),
	('currency','Currency','The currency symbol for use on products, services, etc.','text','&pound;','&euro;','',1,1,'',994),
	('dashboard_rss','Dashboard RSS Feed','Link to an RSS feed that will be displayed on the dashboard.','text','https://www.pyrocms.com/blog/rss/all.rss','','',0,1,'',990),
	('dashboard_rss_count','Dashboard RSS Items','How many RSS items would you like to display on the dashboard?','text','5','5','',1,1,'',989),
	('date_format','Date Format','How should dates be displayed across the website and control panel? Using the <a target=\"_blank\" href=\"http://php.net/manual/en/function.date.php\">date format</a> from PHP - OR - Using the format of <a target=\"_blank\" href=\"http://php.net/manual/en/function.strftime.php\">strings formatted as date</a> from PHP.','text','F j, Y','','',1,1,'',995),
	('default_theme','Default Theme','Select the theme you want users to see by default.','','default','default','func:get_themes',1,0,'',0),
	('enable_comments','Enable Comments','Enable comments.','radio','1','1','1=Enabled|0=Disabled',1,1,'comments',968),
	('enable_profiles','Enable profiles','Allow users to add and edit profiles.','radio','1','','1=Enabled|0=Disabled',1,1,'users',963),
	('enable_registration','Enable user registration','Allow users to register in your site.','radio','1','','1=Enabled|0=Disabled',0,1,'users',961),
	('files_cache','Files Cache','When outputting an image via site.com/files what shall we set the cache expiration for?','select','480','480','0=no-cache|1=1-minute|60=1-hour|180=3-hour|480=8-hour|1440=1-day|43200=30-days',1,1,'files',986),
	('files_cf_api_key','Rackspace Cloud Files API Key','You also must provide your Cloud Files API Key. You will find it at the same location as your Username in your Rackspace account.','text','','','',0,1,'files',989),
	('files_cf_username','Rackspace Cloud Files Username','To enable cloud file storage in your Rackspace Cloud Files account please enter your Cloud Files Username. <a href=\"https://manage.rackspacecloud.com/APIAccess.do\">Find your credentials</a>','text','','','',0,1,'files',990),
	('files_enabled_providers','Enabled File Storage Providers','Which file storage providers do you want to enable? (If you enable a cloud provider you must provide valid auth keys below','checkbox','0','0','amazon-s3=Amazon S3|rackspace-cf=Rackspace Cloud Files',0,1,'files',994),
	('files_s3_access_key','Amazon S3 Access Key','To enable cloud file storage in your Amazon S3 account provide your Access Key. <a href=\"https://aws-portal.amazon.com/gp/aws/securityCredentials#access_credentials\">Find your credentials</a>','text','','','',0,1,'files',993),
	('files_s3_geographic_location','Amazon S3 Geographic Location','Either US or EU. If you change this you must also change the S3 URL.','radio','US','EU','US=United States|EU=Europe',1,1,'files',991),
	('files_s3_secret_key','Amazon S3 Secret Key','You also must provide your Amazon S3 Secret Key. You will find it at the same location as your Access Key in your Amazon account.','text','','','',0,1,'files',992),
	('files_s3_url','Amazon S3 URL','Change this if using one of Amazon\'s EU locations or a custom domain.','text','http://{{ bucket }}.s3.amazonaws.com/','http://{{ bucket }}.s3.amazonaws.com/','',0,1,'files',991),
	('files_upload_limit','Filesize Limit','Maximum filesize to allow when uploading. Specify the size in MB. Example: 5','text','5','5','',1,1,'files',987),
	('frontend_enabled','Site Status','Use this option to the user-facing part of the site on or off. Useful when you want to take the site down for maintenance.','radio','1','','1=Open|0=Closed',1,1,'',988),
	('ga_email','Google Analytic E-mail','E-mail address used for Google Analytics, we need this to show the graph on the dashboard.','text','','','',0,1,'integration',983),
	('ga_password','Google Analytic Password','This is also needed to show the graph on the dashboard. You will need to allow access to Google to get this to work. See <a href=\"https://accounts.google.com/b/0/IssuedAuthSubTokens?hl=en_US\" target=\"_blank\">Authorized Access to your Google Account</a>','password','','','',0,1,'integration',982),
	('ga_profile','Google Analytic Profile ID','Profile ID for this website in Google Analytics','text','','','',0,1,'integration',984),
	('ga_tracking','Google Tracking Code','Enter your Google Analytic Tracking Code to activate Google Analytics view data capturing. E.g: UA-19483569-6','text','','','',0,1,'integration',985),
	('mail_protocol','Mail Protocol','Select desired email protocol.','select','mail','mail','mail=Mail|sendmail=Sendmail|smtp=SMTP',1,1,'email',977),
	('mail_sendmail_path','Sendmail Path','Path to server sendmail binary.','text','','','',0,1,'email',972),
	('mail_smtp_host','SMTP Host Name','The host name of your smtp server.','text','','','',0,1,'email',976),
	('mail_smtp_pass','SMTP password','SMTP password.','password','','','',0,1,'email',975),
	('mail_smtp_port','SMTP Port','SMTP port number.','text','','','',0,1,'email',974),
	('mail_smtp_user','SMTP User Name','SMTP user name.','text','','','',0,1,'email',973),
	('meta_topic','Meta Topic','Two or three words describing this type of company/website.','text','Content Management','Add your slogan here','',0,1,'',998),
	('moderate_comments','Moderate Comments','Force comments to be approved before they appear on the site.','radio','1','1','1=Enabled|0=Disabled',1,1,'comments',967),
	('profile_visibility','Profile Visibility','Specify who can view user profiles on the public site','select','public','','public=profile_public|owner=profile_owner|hidden=profile_hidden|member=profile_member',0,1,'users',960),
	('records_per_page','Records Per Page','How many records should we show per page in the admin section?','select','25','','10=10|25=25|50=50|100=100',1,1,'',992),
	('registered_email','User Registered Email','Send a notification email to the contact e-mail when someone registers.','radio','1','','1=Enabled|0=Disabled',0,1,'users',962),
	('require_lastname','Require last names?','For some situations, a last name may not be required. Do you want to force users to enter one or not?','radio','1','','1=Required|0=Optional',1,1,'users',962),
	('rss_feed_items','Feed item count','How many items should we show in RSS/blog feeds?','select','25','','10=10|25=25|50=50|100=100',1,1,'',991),
	('server_email','Server E-mail','All e-mails to users will come from this e-mail address.','text','admin@localhost','','',1,1,'email',978),
	('site_lang','Site Language','The native language of the website, used to choose templates of e-mail notifications, contact form, and other features that should not depend on the language of a user.','select','pt','pt','func:get_supported_lang',1,1,'',997),
	('site_name','Site Name','The name of the website for page titles and for use around the site.','text','Un-named Website','','',1,1,'',1000),
	('site_public_lang','Public Languages','Which are the languages really supported and offered on the front-end of your website?','checkbox','pt','pt','func:get_supported_lang',1,1,'',996),
	('site_slogan','Site Slogan','The slogan of the website for page titles and for use around the site','text','','Add your slogan here','',0,1,'',999),
	('twitter_cache','Cache time','How many seconds should your Tweets be stored?','text','300','','',0,1,'twitter',969),
	('twitter_feed_count','Feed Count','How many tweets should be returned to the Twitter feed block?','text','5','','',0,1,'twitter',970),
	('twitter_username','Username','Twitter username.','text','','','',0,1,'twitter',971),
	('unavailable_message','Unavailable Message','When the site is turned off or there is a major problem, this message will show to users.','textarea','Sorry, this website is currently unavailable.','','',0,1,'',987);

/*!40000 ALTER TABLE `default_settings` ENABLE KEYS */;
UNLOCK TABLES;


# Dump of table default_theme_options
# ------------------------------------------------------------

DROP TABLE IF EXISTS `default_theme_options`;

CREATE TABLE `default_theme_options` (
  `id` int(11) NOT NULL AUTO_INCREMENT,
  `slug` varchar(30) COLLATE utf8_unicode_ci NOT NULL,
  `title` varchar(100) COLLATE utf8_unicode_ci NOT NULL,
  `description` text COLLATE utf8_unicode_ci NOT NULL,
  `type` set('text','textarea','password','select','select-multiple','radio','checkbox','colour-picker') COLLATE utf8_unicode_ci NOT NULL,
  `default` varchar(255) COLLATE utf8_unicode_ci NOT NULL,
  `value` varchar(255) COLLATE utf8_unicode_ci NOT NULL,
  `options` text COLLATE utf8_unicode_ci NOT NULL,
  `is_required` int(1) NOT NULL,
  `theme` varchar(50) COLLATE utf8_unicode_ci NOT NULL,
  PRIMARY KEY (`id`)
) ENGINE=InnoDB DEFAULT CHARSET=utf8 COLLATE=utf8_unicode_ci;

LOCK TABLES `default_theme_options` WRITE;
/*!40000 ALTER TABLE `default_theme_options` DISABLE KEYS */;

INSERT INTO `default_theme_options` (`id`, `slug`, `title`, `description`, `type`, `default`, `value`, `options`, `is_required`, `theme`)
VALUES
	(1,'pyrocms_recent_comments','Recent Comments','Would you like to display recent comments on the dashboard?','radio','yes','yes','yes=Yes|no=No',1,'pyrocms'),
	(2,'pyrocms_news_feed','News Feed','Would you like to display the news feed on the dashboard?','radio','yes','yes','yes=Yes|no=No',1,'pyrocms'),
	(3,'pyrocms_quick_links','Quick Links','Would you like to display quick links on the dashboard?','radio','yes','yes','yes=Yes|no=No',1,'pyrocms'),
	(4,'pyrocms_analytics_graph','Analytics Graph','Would you like to display the graph on the dashboard?','radio','yes','yes','yes=Yes|no=No',1,'pyrocms'),
	(5,'show_breadcrumbs','Show Breadcrumbs','Would you like to display breadcrumbs?','radio','yes','yes','yes=Yes|no=No',1,'default'),
	(6,'layout','Layout','Which type of layout shall we use?','select','2 column','2 column','2 column=Two Column|full-width=Full Width|full-width-home=Full Width Home Page',1,'default'),
	(7,'cufon_enabled','Use Cufon','Would you like to use Cufon for titles?','radio','yes','yes','yes=Yes|no=No',1,'default');

/*!40000 ALTER TABLE `default_theme_options` ENABLE KEYS */;
UNLOCK TABLES;


# Dump of table default_users
# ------------------------------------------------------------

DROP TABLE IF EXISTS `default_users`;

CREATE TABLE `default_users` (
  `id` smallint(5) unsigned NOT NULL AUTO_INCREMENT,
  `email` varchar(60) COLLATE utf8_unicode_ci NOT NULL DEFAULT '',
  `password` varchar(100) COLLATE utf8_unicode_ci NOT NULL DEFAULT '',
  `salt` varchar(6) COLLATE utf8_unicode_ci NOT NULL DEFAULT '',
  `group_id` int(11) DEFAULT NULL,
  `ip_address` varchar(16) COLLATE utf8_unicode_ci DEFAULT NULL,
  `active` int(1) DEFAULT NULL,
  `activation_code` varchar(40) COLLATE utf8_unicode_ci DEFAULT NULL,
  `created_on` int(11) NOT NULL,
  `last_login` int(11) NOT NULL,
  `username` varchar(20) COLLATE utf8_unicode_ci DEFAULT NULL,
  `forgotten_password_code` varchar(40) COLLATE utf8_unicode_ci DEFAULT NULL,
  `remember_code` varchar(40) COLLATE utf8_unicode_ci DEFAULT NULL,
  PRIMARY KEY (`id`),
  KEY `email` (`email`)
) ENGINE=InnoDB DEFAULT CHARSET=utf8 COLLATE=utf8_unicode_ci COMMENT='Registered User Information';

LOCK TABLES `default_users` WRITE;
/*!40000 ALTER TABLE `default_users` DISABLE KEYS */;

INSERT INTO `default_users` (`id`, `email`, `password`, `salt`, `group_id`, `ip_address`, `active`, `activation_code`, `created_on`, `last_login`, `username`, `forgotten_password_code`, `remember_code`)
VALUES
	(1,'jose.lopes@rd-agency.com','65937c84396f18c2017f30e727adc50e104282c1','d7dd2',1,'',1,'',1412694432,1414404022,'RD',NULL,NULL);

/*!40000 ALTER TABLE `default_users` ENABLE KEYS */;
UNLOCK TABLES;


# Dump of table default_variables
# ------------------------------------------------------------

DROP TABLE IF EXISTS `default_variables`;

CREATE TABLE `default_variables` (
  `id` int(11) NOT NULL AUTO_INCREMENT,
  `name` varchar(250) COLLATE utf8_unicode_ci DEFAULT NULL,
  `data` varchar(250) COLLATE utf8_unicode_ci DEFAULT NULL,
  PRIMARY KEY (`id`)
) ENGINE=InnoDB DEFAULT CHARSET=utf8 COLLATE=utf8_unicode_ci;



# Dump of table default_widget_areas
# ------------------------------------------------------------

DROP TABLE IF EXISTS `default_widget_areas`;

CREATE TABLE `default_widget_areas` (
  `id` int(11) NOT NULL AUTO_INCREMENT,
  `slug` varchar(100) COLLATE utf8_unicode_ci DEFAULT NULL,
  `title` varchar(100) COLLATE utf8_unicode_ci DEFAULT NULL,
  PRIMARY KEY (`id`)
) ENGINE=InnoDB DEFAULT CHARSET=utf8 COLLATE=utf8_unicode_ci;

LOCK TABLES `default_widget_areas` WRITE;
/*!40000 ALTER TABLE `default_widget_areas` DISABLE KEYS */;

INSERT INTO `default_widget_areas` (`id`, `slug`, `title`)
VALUES
	(1,'sidebar','Sidebar');

/*!40000 ALTER TABLE `default_widget_areas` ENABLE KEYS */;
UNLOCK TABLES;


# Dump of table default_widget_instances
# ------------------------------------------------------------

DROP TABLE IF EXISTS `default_widget_instances`;

CREATE TABLE `default_widget_instances` (
  `id` int(11) NOT NULL AUTO_INCREMENT,
  `title` varchar(100) COLLATE utf8_unicode_ci DEFAULT NULL,
  `widget_id` int(11) DEFAULT NULL,
  `widget_area_id` int(11) DEFAULT NULL,
  `options` text COLLATE utf8_unicode_ci NOT NULL,
  `order` int(10) NOT NULL DEFAULT '0',
  `created_on` int(11) NOT NULL DEFAULT '0',
  `updated_on` int(11) NOT NULL DEFAULT '0',
  PRIMARY KEY (`id`)
) ENGINE=InnoDB DEFAULT CHARSET=utf8 COLLATE=utf8_unicode_ci;



# Dump of table default_widgets
# ------------------------------------------------------------

DROP TABLE IF EXISTS `default_widgets`;

CREATE TABLE `default_widgets` (
  `id` int(11) NOT NULL AUTO_INCREMENT,
  `slug` varchar(100) COLLATE utf8_unicode_ci NOT NULL DEFAULT '',
  `title` text COLLATE utf8_unicode_ci NOT NULL,
  `description` text COLLATE utf8_unicode_ci NOT NULL,
  `author` varchar(100) COLLATE utf8_unicode_ci NOT NULL DEFAULT '',
  `website` varchar(255) COLLATE utf8_unicode_ci NOT NULL DEFAULT '',
  `version` varchar(20) COLLATE utf8_unicode_ci NOT NULL DEFAULT '0',
  `enabled` int(1) NOT NULL DEFAULT '1',
  `order` int(10) NOT NULL DEFAULT '0',
  `updated_on` int(11) NOT NULL DEFAULT '0',
  PRIMARY KEY (`id`)
) ENGINE=InnoDB DEFAULT CHARSET=utf8 COLLATE=utf8_unicode_ci;




/*!40111 SET SQL_NOTES=@OLD_SQL_NOTES */;
/*!40101 SET SQL_MODE=@OLD_SQL_MODE */;
/*!40014 SET FOREIGN_KEY_CHECKS=@OLD_FOREIGN_KEY_CHECKS */;
/*!40101 SET CHARACTER_SET_CLIENT=@OLD_CHARACTER_SET_CLIENT */;
/*!40101 SET CHARACTER_SET_RESULTS=@OLD_CHARACTER_SET_RESULTS */;
/*!40101 SET COLLATION_CONNECTION=@OLD_COLLATION_CONNECTION */;
